building,floor,room,type,area,closet_type
47 Claremont,1,1A,,0,
47 Claremont,1,1B,,0,
47 Claremont,1,1C,,0,
47 Claremont,1,1D,,0,
47 Claremont,1,1E,,0,
47 Claremont,1,2A,,0,
47 Claremont,1,2B,,0,
47 Claremont,1,2C,,0,
47 Claremont,1,2D,,0,
47 Claremont,1,3A,,0,
47 Claremont,1,3B,,0,
47 Claremont,1,3C,,0,
47 Claremont,1,3D,,0,
47 Claremont,1,4A,,0,
47 Claremont,1,4B,,0,
47 Claremont,1,4C,,0,
47 Claremont,2,21A,,0,
47 Claremont,2,21B,,0,
47 Claremont,2,21C,,0,
47 Claremont,2,21D,,0,
47 Claremont,2,21E,,0,
47 Claremont,2,22A,,0,
47 Claremont,2,22B,,0,
47 Claremont,2,22C,,0,
47 Claremont,2,22D,,0,
47 Claremont,2,22E,,0,
47 Claremont,2,23A,,0,
47 Claremont,2,23B,,0,
47 Claremont,2,23C,,0,
47 Claremont,2,23D,,0,
47 Claremont,2,24A,,0,
47 Claremont,2,24B,,0,
47 Claremont,2,24C,,0,
47 Claremont,3,31A,,0,
47 Claremont,3,31B,,0,
47 Claremont,3,31C,,0,
47 Claremont,3,31D,,0,
47 Claremont,3,31E,,0,
47 Claremont,3,32A,,0,
47 Claremont,3,32B,,0,
47 Claremont,3,32C,,0,
47 Claremont,3,32D,,0,
47 Claremont,3,32E,,0,
47 Claremont,3,33A,,0,
47 Claremont,3,33B,,0,
47 Claremont,3,33C,,0,
47 Claremont,3,33D,,0,
47 Claremont,3,34A,,0,
47 Claremont,3,34B,,0,
47 Claremont,3,34C,,0,
47 Claremont,4,41A,,0,
47 Claremont,4,41B,,0,
47 Claremont,4,41C,,0,
47 Claremont,4,41D,,0,
47 Claremont,4,41E,,0,
47 Claremont,4,42A,,0,
47 Claremont,4,42B,,0,
47 Claremont,4,42C,,0,
47 Claremont,4,42D,,0,
47 Claremont,4,42E,,0,
47 Claremont,4,43A,,0,
47 Claremont,4,43B,,0,
47 Claremont,4,43C,,0,
47 Claremont,4,43D,,0,
47 Claremont,4,44A,,0,
47 Claremont,4,44B,,0,
47 Claremont,4,44C,,0,
47 Claremont,5,51A,,0,
47 Claremont,5,51B,,0,
47 Claremont,5,51C,,0,
47 Claremont,5,51D,,0,
47 Claremont,5,51E,,0,
47 Claremont,5,52A,,0,
47 Claremont,5,52B,,0,
47 Claremont,5,52C,,0,
47 Claremont,5,52D,,0,
47 Claremont,5,52E,,0,
47 Claremont,5,53A,,0,
47 Claremont,5,53B,,0,
47 Claremont,5,53C,,0,
47 Claremont,5,53D,,0,
47 Claremont,5,54A,,0,
47 Claremont,5,54B,,0,
47 Claremont,5,54C,,0,
47 Claremont,6,61A,,0,
47 Claremont,6,61B,,0,
47 Claremont,6,61C,,0,
47 Claremont,6,61D,,0,
47 Claremont,6,61E,,0,
47 Claremont,6,62A,,0,
47 Claremont,6,62B,,0,
47 Claremont,6,62C,,0,
47 Claremont,6,62D,,0,
47 Claremont,6,62E,,0,
47 Claremont,6,63A,,0,
47 Claremont,6,63B,,0,
47 Claremont,6,63C,,0,
47 Claremont,6,63D,,0,
47 Claremont,6,64A,,0,
47 Claremont,6,64B,,0,
47 Claremont,6,64C,,0,
Broadway,10,1001,,0,
Broadway,10,1003,,0,
Broadway,10,1005,,0,
Broadway,10,1007,,0,
Broadway,10,1009,,0,
Broadway,10,1011,,0,
Broadway,10,1013,,0,
Broadway,10,1014,,0,
Broadway,10,1015,,0,
Broadway,10,1016,,0,
Broadway,10,1018,,0,
Broadway,10,1019,,0,
Broadway,10,1021,,0,
Broadway,10,1022,,0,
Broadway,10,1024,,0,
Broadway,10,1025,,0,
Broadway,10,1026,,0,
Broadway,10,1027,,0,
Broadway,10,1028,,0,
Broadway,10,1029,,0,
Broadway,10,1030,,0,
Broadway,10,1031,,0,
Broadway,10,1032,,0,
Broadway,10,1033,,0,
Broadway,10,1034,,0,
Broadway,10,1035,,0,
Broadway,10,1036,,0,
Broadway,10,1038,,0,
Broadway,10,1039,,0,
Broadway,10,1040,,0,
Broadway,11,1101,,0,
Broadway,11,1103,,0,
Broadway,11,1105,,0,
Broadway,11,1107,,0,
Broadway,11,1109,,0,
Broadway,11,1111,,0,
Broadway,11,1113,,0,
Broadway,11,1114,,0,
Broadway,11,1115,,0,
Broadway,11,1116,,0,
Broadway,11,1118,,0,
Broadway,11,1119,,0,
Broadway,11,1121,,0,
Broadway,11,1122,,0,
Broadway,11,1124,,0,
Broadway,11,1125,,0,
Broadway,11,1126,,0,
Broadway,11,1127,,0,
Broadway,11,1128,,0,
Broadway,11,1129,,0,
Broadway,11,1130,,0,
Broadway,11,1131,,0,
Broadway,11,1132,,0,
Broadway,11,1133,,0,
Broadway,11,1134,,0,
Broadway,11,1135,,0,
Broadway,11,1136,,0,
Broadway,11,1138,,0,
Broadway,11,1139,,0,
Broadway,11,1140,,0,
Broadway,12,1201,,0,
Broadway,12,1203,,0,
Broadway,12,1205,,0,
Broadway,12,1207,,0,
Broadway,12,1209,,0,
Broadway,12,1211,,0,
Broadway,12,1213,,0,
Broadway,12,1214,,0,
Broadway,12,1215,,0,
Broadway,12,1216,,0,
Broadway,12,1218,,0,
Broadway,12,1219,,0,
Broadway,12,1221,,0,
Broadway,12,1222,,0,
Broadway,12,1224,,0,
Broadway,12,1225,,0,
Broadway,12,1226,,0,
Broadway,12,1227,,0,
Broadway,12,1228,,0,
Broadway,12,1229,,0,
Broadway,12,1230,,0,
Broadway,12,1231,,0,
Broadway,12,1232,,0,
Broadway,12,1233,,0,
Broadway,12,1234,,0,
Broadway,12,1235,,0,
Broadway,12,1236,,0,
Broadway,12,1238,,0,
Broadway,12,1239,,0,
Broadway,12,1240,,0,
Broadway,13,1301,,0,
Broadway,13,1303,,0,
Broadway,13,1305,,0,
Broadway,13,1307,,0,
Broadway,13,1309,,0,
Broadway,13,1311,,0,
Broadway,13,1313,,0,
Broadway,13,1314,,0,
Broadway,13,1315,,0,
Broadway,13,1316,,0,
Broadway,13,1318,,0,
Broadway,13,1319,,0,
Broadway,13,1321,,0,
Broadway,13,1322,,0,
Broadway,13,1324,,0,
Broadway,13,1325,,0,
Broadway,13,1326,,0,
Broadway,13,1327,,0,
Broadway,13,1328,,0,
Broadway,13,1329,,0,
Broadway,13,1330,,0,
Broadway,13,1331,,0,
Broadway,13,1332,,0,
Broadway,13,1333,,0,
Broadway,13,1334,,0,
Broadway,13,1335,,0,
Broadway,13,1336,,0,
Broadway,13,1338,,0,
Broadway,13,1339,,0,
Broadway,13,1340,,0,
Broadway,3,305,,0,
Broadway,3,307,,0,
Broadway,3,309,,0,
Broadway,3,311,,0,
Broadway,3,313,,0,
Broadway,3,314,,0,
Broadway,3,315,,0,
Broadway,3,316,,0,
Broadway,3,318,,0,
Broadway,3,319,,0,
Broadway,3,322,,0,
Broadway,3,324,,0,
Broadway,3,325,,0,
Broadway,3,326,,0,
Broadway,3,327,,0,
Broadway,3,328,,0,
Broadway,3,329,,0,
Broadway,3,330,,0,
Broadway,3,331,,0,
Broadway,3,332,,0,
Broadway,3,333,,0,
Broadway,3,334,,0,
Broadway,3,336,,0,
Broadway,3,338,,0,
Broadway,3,340,,0,
Broadway,3,342,,0,
Broadway,3,344,,0,
Broadway,3,346,,0,
Broadway,3,348,,0,
Broadway,3,350,,0,
Broadway,3,352,,0,
Broadway,3,354,,0,
Broadway,3,356,,0,
Broadway,4,402,,0,
Broadway,4,405,,0,
Broadway,4,407,,0,
Broadway,4,409,,0,
Broadway,4,411,,0,
Broadway,4,413,,0,
Broadway,4,414,,0,
Broadway,4,415,,0,
Broadway,4,416,,0,
Broadway,4,418,,0,
Broadway,4,419,,0,
Broadway,4,422,,0,
Broadway,4,424,,0,
Broadway,4,425,,0,
Broadway,4,426,,0,
Broadway,4,427,,0,
Broadway,4,428,,0,
Broadway,4,429,,0,
Broadway,4,430,,0,
Broadway,4,431,,0,
Broadway,4,432,,0,
Broadway,4,433,,0,
Broadway,4,434,,0,
Broadway,4,436,,0,
Broadway,4,438,,0,
Broadway,4,439,,0,
Broadway,4,440,,0,
Broadway,4,442,,0,
Broadway,4,444,,0,
Broadway,4,446,,0,
Broadway,4,448,,0,
Broadway,4,450,,0,
Broadway,4,452,,0,
Broadway,4,454,,0,
Broadway,4,456,,0,
Broadway,5,505,,0,
Broadway,5,507,,0,
Broadway,5,509,,0,
Broadway,5,511,,0,
Broadway,5,513,,0,
Broadway,5,514,,0,
Broadway,5,515,,0,
Broadway,5,516,,0,
Broadway,5,518,,0,
Broadway,5,519,,0,
Broadway,5,521,,0,
Broadway,5,522,,0,
Broadway,5,524,,0,
Broadway,5,525,,0,
Broadway,5,526,,0,
Broadway,5,527,,0,
Broadway,5,528,,0,
Broadway,5,529,,0,
Broadway,5,530,,0,
Broadway,5,531,,0,
Broadway,5,532,,0,
Broadway,5,533,,0,
Broadway,5,534,,0,
Broadway,5,535,,0,
Broadway,5,536,,0,
Broadway,5,538,,0,
Broadway,5,539,,0,
Broadway,5,540,,0,
Broadway,6,601,,0,
Broadway,6,603,,0,
Broadway,6,605,,0,
Broadway,6,607,,0,
Broadway,6,609,,0,
Broadway,6,611,,0,
Broadway,6,613,,0,
Broadway,6,614,,0,
Broadway,6,615,,0,
Broadway,6,616,,0,
Broadway,6,618,,0,
Broadway,6,619,,0,
Broadway,6,621,,0,
Broadway,6,622,,0,
Broadway,6,624,,0,
Broadway,6,625,,0,
Broadway,6,626,,0,
Broadway,6,627,,0,
Broadway,6,628,,0,
Broadway,6,629,,0,
Broadway,6,630,,0,
Broadway,6,631,,0,
Broadway,6,632,,0,
Broadway,6,633,,0,
Broadway,6,634,,0,
Broadway,6,635,,0,
Broadway,6,636,,0,
Broadway,6,638,,0,
Broadway,6,639,,0,
Broadway,6,640,,0,
Broadway,7,701,,0,
Broadway,7,703,,0,
Broadway,7,705,,0,
Broadway,7,707,,0,
Broadway,7,709,,0,
Broadway,7,711,,0,
Broadway,7,713,,0,
Broadway,7,714,,0,
Broadway,7,715,,0,
Broadway,7,716,,0,
Broadway,7,718,,0,
Broadway,7,719,,0,
Broadway,7,721,,0,
Broadway,7,722,,0,
Broadway,7,724,,0,
Broadway,7,725,,0,
Broadway,7,726,,0,
Broadway,7,727,,0,
Broadway,7,728,,0,
Broadway,7,729,,0,
Broadway,7,730,,0,
Broadway,7,731,,0,
Broadway,7,732,,0,
Broadway,7,733,,0,
Broadway,7,734,,0,
Broadway,7,735,,0,
Broadway,7,736,,0,
Broadway,7,738,,0,
Broadway,7,739,,0,
Broadway,7,740,,0,
Broadway,8,801,,0,
Broadway,8,803,,0,
Broadway,8,805,,0,
Broadway,8,807,,0,
Broadway,8,809,,0,
Broadway,8,811,,0,
Broadway,8,813,,0,
Broadway,8,814,,0,
Broadway,8,815,,0,
Broadway,8,816,,0,
Broadway,8,818,,0,
Broadway,8,819,,0,
Broadway,8,821,,0,
Broadway,8,822,,0,
Broadway,8,824,,0,
Broadway,8,825,,0,
Broadway,8,826,,0,
Broadway,8,827,,0,
Broadway,8,828,,0,
Broadway,8,829,,0,
Broadway,8,830,,0,
Broadway,8,831,,0,
Broadway,8,832,,0,
Broadway,8,833,,0,
Broadway,8,834,,0,
Broadway,8,835,,0,
Broadway,8,836,,0,
Broadway,8,838,,0,
Broadway,8,839,,0,
Broadway,8,840,,0,
Broadway,9,901,,0,
Broadway,9,903,,0,
Broadway,9,905,,0,
Broadway,9,907,,0,
Broadway,9,909,,0,
Broadway,9,911,,0,
Broadway,9,913,,0,
Broadway,9,914,,0,
Broadway,9,915,,0,
Broadway,9,916,,0,
Broadway,9,918,,0,
Broadway,9,919,,0,
Broadway,9,921,,0,
Broadway,9,922,,0,
Broadway,9,924,,0,
Broadway,9,925,,0,
Broadway,9,926,,0,
Broadway,9,927,,0,
Broadway,9,928,,0,
Broadway,9,929,,0,
Broadway,9,930,,0,
Broadway,9,931,,0,
Broadway,9,932,,0,
Broadway,9,933,,0,
Broadway,9,934,,0,
Broadway,9,935,,0,
Broadway,9,936,,0,
Broadway,9,938,,0,
Broadway,9,939,,0,
Broadway,9,940,,0,
Carlton Arms,1A,1A1,,0,
Carlton Arms,1A,1A2,,0,
Carlton Arms,1A,1A3,,0,
Carlton Arms,1A,1A4,,0,
Carlton Arms,1A,1A5,,0,
Carlton Arms,1A,1A6,,0,
Carlton Arms,1B,1B1,,0,
Carlton Arms,1B,1B2,,0,
Carlton Arms,1B,1B3,,0,
Carlton Arms,1B,1B4,,0,
Carlton Arms,1B,1B5,,0,
Carlton Arms,1B,1B6,,0,
Carlton Arms,1C,1C1,,0,
Carlton Arms,1C,1C2,,0,
Carlton Arms,1C,1C3,,0,
Carlton Arms,1C,1C4,,0,
Carlton Arms,1C,1C5,,0,
Carlton Arms,1C,1C6,,0,
Carlton Arms,1C,1C7,,0,
Carman Hall,10,1001A,,0,
Carman Hall,10,1001B,,0,
Carman Hall,10,1002,,0,
Carman Hall,10,1003A,,0,
Carman Hall,10,1003B,,0,
Carman Hall,10,1004A,,0,
Carman Hall,10,1004B,,0,
Carman Hall,10,1005A,,0,
Carman Hall,10,1005B,,0,
Carman Hall,10,1006A,,0,
Carman Hall,10,1006B,,0,
Carman Hall,10,1007A,,0,
Carman Hall,10,1007B,,0,
Carman Hall,10,1008A,,0,
Carman Hall,10,1008B,,0,
Carman Hall,10,1009A,,0,
Carman Hall,10,1009B,,0,
Carman Hall,10,1010,,0,
Carman Hall,10,1011A,,0,
Carman Hall,10,1011B,,0,
Carman Hall,10,1012A,,0,
Carman Hall,10,1012B,,0,
Carman Hall,10,1013A,,0,
Carman Hall,10,1014A,,0,
Carman Hall,10,1014B,,0,
Carman Hall,10,1015A,,0,
Carman Hall,10,1015B,,0,
Carman Hall,11,1101A,,0,
Carman Hall,11,1101B,,0,
Carman Hall,11,1102,,0,
Carman Hall,11,1103A,,0,
Carman Hall,11,1103B,,0,
Carman Hall,11,1104A,,0,
Carman Hall,11,1104B,,0,
Carman Hall,11,1105A,,0,
Carman Hall,11,1105B,,0,
Carman Hall,11,1106A,,0,
Carman Hall,11,1106B,,0,
Carman Hall,11,1107A,,0,
Carman Hall,11,1107B,,0,
Carman Hall,11,1108A,,0,
Carman Hall,11,1108B,,0,
Carman Hall,11,1109A,,0,
Carman Hall,11,1109B,,0,
Carman Hall,11,1110,,0,
Carman Hall,11,1111A,,0,
Carman Hall,11,1111B,,0,
Carman Hall,11,1112A,,0,
Carman Hall,11,1112B,,0,
Carman Hall,11,1113A,,0,
Carman Hall,11,1114A,,0,
Carman Hall,11,1114B,,0,
Carman Hall,11,1115A,,0,
Carman Hall,11,1115B,,0,
Carman Hall,12,1201A,,0,
Carman Hall,12,1201B,,0,
Carman Hall,12,1202,,0,
Carman Hall,12,1203A,,0,
Carman Hall,12,1203B,,0,
Carman Hall,12,1204A,,0,
Carman Hall,12,1204B,,0,
Carman Hall,12,1205A,,0,
Carman Hall,12,1205B,,0,
Carman Hall,12,1206A,,0,
Carman Hall,12,1206B,,0,
Carman Hall,12,1207A,,0,
Carman Hall,12,1207B,,0,
Carman Hall,12,1208A,,0,
Carman Hall,12,1208B,,0,
Carman Hall,12,1209A,,0,
Carman Hall,12,1209B,,0,
Carman Hall,12,1210,,0,
Carman Hall,12,1211A,,0,
Carman Hall,12,1211B,,0,
Carman Hall,12,1212A,,0,
Carman Hall,12,1212B,,0,
Carman Hall,12,1213A,,0,
Carman Hall,12,1214A,,0,
Carman Hall,12,1214B,,0,
Carman Hall,12,1215A,,0,
Carman Hall,12,1215B,,0,
Carman Hall,13,1301A,,0,
Carman Hall,13,1301B,,0,
Carman Hall,13,1302,,0,
Carman Hall,13,1303A,,0,
Carman Hall,13,1303B,,0,
Carman Hall,13,1304A,,0,
Carman Hall,13,1304B,,0,
Carman Hall,13,1305A,,0,
Carman Hall,13,1305B,,0,
Carman Hall,13,1306A,,0,
Carman Hall,13,1306B,,0,
Carman Hall,13,1307A,,0,
Carman Hall,13,1307B,,0,
Carman Hall,13,1308A,,0,
Carman Hall,13,1308B,,0,
Carman Hall,13,1309A,,0,
Carman Hall,13,1309B,,0,
Carman Hall,13,1310,,0,
Carman Hall,13,1311A,,0,
Carman Hall,13,1311B,,0,
Carman Hall,13,1312A,,0,
Carman Hall,13,1312B,,0,
Carman Hall,13,1313A,,0,
Carman Hall,13,1314A,,0,
Carman Hall,13,1314B,,0,
Carman Hall,13,1315A,,0,
Carman Hall,13,1315B,,0,
Carman Hall,2,201,,0,
Carman Hall,2,202A,,0,
Carman Hall,2,202B,,0,
Carman Hall,2,203A,,0,
Carman Hall,2,203B,,0,
Carman Hall,2,204A,,0,
Carman Hall,2,204B,,0,
Carman Hall,2,205A,,0,
Carman Hall,2,205B,,0,
Carman Hall,2,206A,,0,
Carman Hall,2,206B,,0,
Carman Hall,2,207A,,0,
Carman Hall,2,207B,,0,
Carman Hall,3,301A,,0,
Carman Hall,3,301B,,0,
Carman Hall,3,302,,0,
Carman Hall,3,303A,,0,
Carman Hall,3,303B,,0,
Carman Hall,3,304A,,0,
Carman Hall,3,304B,,0,
Carman Hall,3,305A,,0,
Carman Hall,3,305B,,0,
Carman Hall,3,306A,,0,
Carman Hall,3,306B,,0,
Carman Hall,3,307A,,0,
Carman Hall,3,307B,,0,
Carman Hall,3,308A,,0,
Carman Hall,3,308B,,0,
Carman Hall,3,309A,,0,
Carman Hall,3,309B,,0,
Carman Hall,3,310,,0,
Carman Hall,3,311A,,0,
Carman Hall,3,311B,,0,
Carman Hall,4,401A,,0,
Carman Hall,4,401B,,0,
Carman Hall,4,402,,0,
Carman Hall,4,403A,,0,
Carman Hall,4,403B,,0,
Carman Hall,4,404A,,0,
Carman Hall,4,404B,,0,
Carman Hall,4,405A,,0,
Carman Hall,4,405B,,0,
Carman Hall,4,406A,,0,
Carman Hall,4,406B,,0,
Carman Hall,4,407A,,0,
Carman Hall,4,407B,,0,
Carman Hall,4,408A,,0,
Carman Hall,4,408B,,0,
Carman Hall,4,409A,,0,
Carman Hall,4,409B,,0,
Carman Hall,4,410,,0,
Carman Hall,4,411A,,0,
Carman Hall,4,411B,,0,
Carman Hall,5,501A,,0,
Carman Hall,5,501B,,0,
Carman Hall,5,502,,0,
Carman Hall,5,503A,,0,
Carman Hall,5,503B,,0,
Carman Hall,5,504A,,0,
Carman Hall,5,504B,,0,
Carman Hall,5,505A,,0,
Carman Hall,5,505B,,0,
Carman Hall,5,506A,,0,
Carman Hall,5,506B,,0,
Carman Hall,5,507A,,0,
Carman Hall,5,507B,,0,
Carman Hall,5,508A,,0,
Carman Hall,5,508B,,0,
Carman Hall,5,509A,,0,
Carman Hall,5,509B,,0,
Carman Hall,5,510,,0,
Carman Hall,5,511A,,0,
Carman Hall,5,511B,,0,
Carman Hall,6,601A,,0,
Carman Hall,6,601B,,0,
Carman Hall,6,602,,0,
Carman Hall,6,603A,,0,
Carman Hall,6,603B,,0,
Carman Hall,6,604A,,0,
Carman Hall,6,604B,,0,
Carman Hall,6,605A,,0,
Carman Hall,6,605B,,0,
Carman Hall,6,606A,,0,
Carman Hall,6,606B,,0,
Carman Hall,6,607A,,0,
Carman Hall,6,607B,,0,
Carman Hall,6,608A,,0,
Carman Hall,6,608B,,0,
Carman Hall,6,609A,,0,
Carman Hall,6,609B,,0,
Carman Hall,6,610,,0,
Carman Hall,6,611A,,0,
Carman Hall,6,611B,,0,
Carman Hall,6,612A,,0,
Carman Hall,6,612B,,0,
Carman Hall,6,613A,,0,
Carman Hall,6,614A,,0,
Carman Hall,6,614B,,0,
Carman Hall,6,615A,,0,
Carman Hall,6,615B,,0,
Carman Hall,7,701A,,0,
Carman Hall,7,701B,,0,
Carman Hall,7,702,,0,
Carman Hall,7,703A,,0,
Carman Hall,7,703B,,0,
Carman Hall,7,704A,,0,
Carman Hall,7,704B,,0,
Carman Hall,7,705A,,0,
Carman Hall,7,705B,,0,
Carman Hall,7,706A,,0,
Carman Hall,7,706B,,0,
Carman Hall,7,707A,,0,
Carman Hall,7,707B,,0,
Carman Hall,7,708A,,0,
Carman Hall,7,708B,,0,
Carman Hall,7,709A,,0,
Carman Hall,7,709B,,0,
Carman Hall,7,710,,0,
Carman Hall,7,711A,,0,
Carman Hall,7,711B,,0,
Carman Hall,7,712A,,0,
Carman Hall,7,712B,,0,
Carman Hall,7,713A,,0,
Carman Hall,7,714A,,0,
Carman Hall,7,714B,,0,
Carman Hall,7,715A,,0,
Carman Hall,7,715B,,0,
Carman Hall,8,801A,,0,
Carman Hall,8,801B,,0,
Carman Hall,8,802,,0,
Carman Hall,8,803A,,0,
Carman Hall,8,803B,,0,
Carman Hall,8,804A,,0,
Carman Hall,8,804B,,0,
Carman Hall,8,805A,,0,
Carman Hall,8,805B,,0,
Carman Hall,8,806A,,0,
Carman Hall,8,806B,,0,
Carman Hall,8,807A,,0,
Carman Hall,8,807B,,0,
Carman Hall,8,808A,,0,
Carman Hall,8,808B,,0,
Carman Hall,8,809A,,0,
Carman Hall,8,809B,,0,
Carman Hall,8,810,,0,
Carman Hall,8,811A,,0,
Carman Hall,8,811B,,0,
Carman Hall,8,812A,,0,
Carman Hall,8,812B,,0,
Carman Hall,8,813A,,0,
Carman Hall,8,814A,,0,
Carman Hall,8,814B,,0,
Carman Hall,8,815A,,0,
Carman Hall,8,815B,,0,
Carman Hall,9,901A,,0,
Carman Hall,9,901B,,0,
Carman Hall,9,902,,0,
Carman Hall,9,903A,,0,
Carman Hall,9,903B,,0,
Carman Hall,9,904A,,0,
Carman Hall,9,904B,,0,
Carman Hall,9,905A,,0,
Carman Hall,9,905B,,0,
Carman Hall,9,906A,,0,
Carman Hall,9,906B,,0,
Carman Hall,9,907A,,0,
Carman Hall,9,907B,,0,
Carman Hall,9,908A,,0,
Carman Hall,9,908B,,0,
Carman Hall,9,909A,,0,
Carman Hall,9,909B,,0,
Carman Hall,9,910,,0,
Carman Hall,9,911A,,0,
Carman Hall,9,911B,,0,
Carman Hall,9,912A,,0,
Carman Hall,9,912B,,0,
Carman Hall,9,913A,,0,
Carman Hall,9,914A,,0,
Carman Hall,9,914B,,0,
Carman Hall,9,915A,,0,
Carman Hall,9,915B,,0,
Carman Hall,9,mkdir,,0,
East Campus,10,1001A,,0,
East Campus,10,1001B,,0,
East Campus,10,1002A,,0,
East Campus,10,1002B,,0,
East Campus,10,1002C,,0,
East Campus,10,1002D,,0,
East Campus,10,1002E,,0,
East Campus,10,1002F,,0,
East Campus,10,1003A,,0,
East Campus,10,1003B,,0,
East Campus,10,1004A,,0,
East Campus,10,1004B,,0,
East Campus,10,1004C,,0,
East Campus,10,1004D,,0,
East Campus,10,1005A,,0,
East Campus,10,1005B,,0,
East Campus,10,1006A,,0,
East Campus,10,1006B,,0,
East Campus,10,1006C,,0,
East Campus,10,1006D,,0,
East Campus,10,1007A,,0,
East Campus,10,1007B,,0,
East Campus,10,1008A,,0,
East Campus,10,1008B,,0,
East Campus,10,1008C,,0,
East Campus,10,1008D,,0,
East Campus,10,1010A,,0,
East Campus,10,1010B,,0,
East Campus,10,1010C,,0,
East Campus,10,1010D,,0,
East Campus,10,1012A,,0,
East Campus,10,1012B,,0,
East Campus,10,1012C,,0,
East Campus,10,1012D,,0,
East Campus,10,1014A,,0,
East Campus,10,1014B,,0,
East Campus,10,1014C,,0,
East Campus,10,1014D,,0,
East Campus,10,1016A,,0,
East Campus,10,1016B,,0,
East Campus,10,1016C,,0,
East Campus,10,1016D,,0,
East Campus,10,1018A,,0,
East Campus,10,1018B,,0,
East Campus,10,1018C,,0,
East Campus,10,1018D,,0,
East Campus,10,1020A,,0,
East Campus,10,1020B,,0,
East Campus,10,1020C,,0,
East Campus,10,1020D,,0,
East Campus,10,1020E,,0,
East Campus,12,1201A,,0,
East Campus,12,1201B,,0,
East Campus,12,1202A,,0,
East Campus,12,1202B,,0,
East Campus,12,1202C,,0,
East Campus,12,1202D,,0,
East Campus,12,1202E,,0,
East Campus,12,1202F,,0,
East Campus,12,1203A,,0,
East Campus,12,1203B,,0,
East Campus,12,1204A,,0,
East Campus,12,1204B,,0,
East Campus,12,1204C,,0,
East Campus,12,1204D,,0,
East Campus,12,1205A,,0,
East Campus,12,1205B,,0,
East Campus,12,1206A,,0,
East Campus,12,1206B,,0,
East Campus,12,1206C,,0,
East Campus,12,1206D,,0,
East Campus,12,1207A,,0,
East Campus,12,1207B,,0,
East Campus,12,1208A,,0,
East Campus,12,1208B,,0,
East Campus,12,1208C,,0,
East Campus,12,1208D,,0,
East Campus,12,1209A,,0,
East Campus,12,1209B,,0,
East Campus,12,1210A,,0,
East Campus,12,1210B,,0,
East Campus,12,1210C,,0,
East Campus,12,1210D,,0,
East Campus,12,1212A,,0,
East Campus,12,1212B,,0,
East Campus,12,1212C,,0,
East Campus,12,1212D,,0,
East Campus,12,1214A,,0,
East Campus,12,1214B,,0,
East Campus,12,1214C,,0,
East Campus,12,1214D,,0,
East Campus,12,1216A,,0,
East Campus,12,1216B,,0,
East Campus,12,1216C,,0,
East Campus,12,1216D,,0,
East Campus,12,1218A,,0,
East Campus,12,1218B,,0,
East Campus,12,1218C,,0,
East Campus,12,1218D,,0,
East Campus,12,1220A,,0,
East Campus,12,1220B,,0,
East Campus,12,1220C,,0,
East Campus,12,1220D,,0,
East Campus,12,1220E,,0,
East Campus,14,1401A,,0,
East Campus,14,1401B,,0,
East Campus,14,1402A,,0,
East Campus,14,1402B,,0,
East Campus,14,1402C,,0,
East Campus,14,1402D,,0,
East Campus,14,1402E,,0,
East Campus,14,1402F,,0,
East Campus,14,1403A,,0,
East Campus,14,1403B,,0,
East Campus,14,1404A,,0,
East Campus,14,1404B,,0,
East Campus,14,1404C,,0,
East Campus,14,1404D,,0,
East Campus,14,1405A,,0,
East Campus,14,1405B,,0,
East Campus,14,1406A,,0,
East Campus,14,1406B,,0,
East Campus,14,1406C,,0,
East Campus,14,1406D,,0,
East Campus,14,1407A,,0,
East Campus,14,1407B,,0,
East Campus,14,1408A,,0,
East Campus,14,1408B,,0,
East Campus,14,1408C,,0,
East Campus,14,1408D,,0,
East Campus,14,1409A,,0,
East Campus,14,1409B,,0,
East Campus,14,1410A,,0,
East Campus,14,1410B,,0,
East Campus,14,1410C,,0,
East Campus,14,1410D,,0,
East Campus,14,1412A,,0,
East Campus,14,1412B,,0,
East Campus,14,1412C,,0,
East Campus,14,1412D,,0,
East Campus,14,1414A,,0,
East Campus,14,1414B,,0,
East Campus,14,1414C,,0,
East Campus,14,1414D,,0,
East Campus,14,1416A,,0,
East Campus,14,1416B,,0,
East Campus,14,1416C,,0,
East Campus,14,1416D,,0,
East Campus,14,1418A,,0,
East Campus,14,1418B,,0,
East Campus,14,1418C,,0,
East Campus,14,1418D,,0,
East Campus,14,1420A,,0,
East Campus,14,1420B,,0,
East Campus,14,1420C,,0,
East Campus,14,1420D,,0,
East Campus,14,1420E,,0,
East Campus,16,1601A,,0,
East Campus,16,1601B,,0,
East Campus,16,1602A,,0,
East Campus,16,1602B,,0,
East Campus,16,1602C,,0,
East Campus,16,1602D,,0,
East Campus,16,1602E,,0,
East Campus,16,1602F,,0,
East Campus,16,1603A,,0,
East Campus,16,1603B,,0,
East Campus,16,1604A,,0,
East Campus,16,1604B,,0,
East Campus,16,1604C,,0,
East Campus,16,1604D,,0,
East Campus,16,1605A,,0,
East Campus,16,1605B,,0,
East Campus,16,1606A,,0,
East Campus,16,1606B,,0,
East Campus,16,1606C,,0,
East Campus,16,1606D,,0,
East Campus,16,1607A,,0,
East Campus,16,1607B,,0,
East Campus,16,1608A,,0,
East Campus,16,1608B,,0,
East Campus,16,1608C,,0,
East Campus,16,1608D,,0,
East Campus,16,1609A,,0,
East Campus,16,1609B,,0,
East Campus,16,1610A,,0,
East Campus,16,1610B,,0,
East Campus,16,1610C,,0,
East Campus,16,1610D,,0,
East Campus,16,1612A,,0,
East Campus,16,1612B,,0,
East Campus,16,1612C,,0,
East Campus,16,1612D,,0,
East Campus,16,1614A,,0,
East Campus,16,1614B,,0,
East Campus,16,1614C,,0,
East Campus,16,1614D,,0,
East Campus,16,1616A,,0,
East Campus,16,1616B,,0,
East Campus,16,1616C,,0,
East Campus,16,1616D,,0,
East Campus,16,1618A,,0,
East Campus,16,1618B,,0,
East Campus,16,1618C,,0,
East Campus,16,1618D,,0,
East Campus,16,1620A,,0,
East Campus,16,1620B,,0,
East Campus,16,1620C,,0,
East Campus,16,1620D,,0,
East Campus,16,1620E,,0,
East Campus,18,1801A,,0,
East Campus,18,1801B,,0,
East Campus,18,1802A,,0,
East Campus,18,1802B,,0,
East Campus,18,1802C,,0,
East Campus,18,1802D,,0,
East Campus,18,1802E,,0,
East Campus,18,1802F,,0,
East Campus,18,1803A,,0,
East Campus,18,1803B,,0,
East Campus,18,1804A,,0,
East Campus,18,1804B,,0,
East Campus,18,1804C,,0,
East Campus,18,1804D,,0,
East Campus,18,1805A,,0,
East Campus,18,1805B,,0,
East Campus,18,1806A,,0,
East Campus,18,1806B,,0,
East Campus,18,1806C,,0,
East Campus,18,1806D,,0,
East Campus,18,1807A,,0,
East Campus,18,1807B,,0,
East Campus,18,1808A,,0,
East Campus,18,1808B,,0,
East Campus,18,1808C,,0,
East Campus,18,1808D,,0,
East Campus,18,1809A,,0,
East Campus,18,1809B,,0,
East Campus,18,1810A,,0,
East Campus,18,1810B,,0,
East Campus,18,1810C,,0,
East Campus,18,1810D,,0,
East Campus,18,1812A,,0,
East Campus,18,1812B,,0,
East Campus,18,1812C,,0,
East Campus,18,1812D,,0,
East Campus,18,1814A,,0,
East Campus,18,1814B,,0,
East Campus,18,1814C,,0,
East Campus,18,1814D,,0,
East Campus,18,1816A,,0,
East Campus,18,1816B,,0,
East Campus,18,1816C,,0,
East Campus,18,1816D,,0,
East Campus,18,1818A,,0,
East Campus,18,1818B,,0,
East Campus,18,1818C,,0,
East Campus,18,1818D,,0,
East Campus,18,1820A,,0,
East Campus,18,1820B,,0,
East Campus,18,1820C,,0,
East Campus,18,1820D,,0,
East Campus,18,1820E,,0,
East Campus,20,2001A,,0,
East Campus,20,2001B,,0,
East Campus,20,2002A,,0,
East Campus,20,2002B,,0,
East Campus,20,2002C,,0,
East Campus,20,2002D,,0,
East Campus,20,2002E,,0,
East Campus,20,2002F,,0,
East Campus,20,2003A,,0,
East Campus,20,2003B,,0,
East Campus,20,2004A,,0,
East Campus,20,2004B,,0,
East Campus,20,2004C,,0,
East Campus,20,2004D,,0,
East Campus,20,2005A,,0,
East Campus,20,2005B,,0,
East Campus,20,2006A,,0,
East Campus,20,2006B,,0,
East Campus,20,2006C,,0,
East Campus,20,2006D,,0,
East Campus,20,2007A,,0,
East Campus,20,2007B,,0,
East Campus,20,2008A,,0,
East Campus,20,2008B,,0,
East Campus,20,2008C,,0,
East Campus,20,2008D,,0,
East Campus,20,2009A,,0,
East Campus,20,2009B,,0,
East Campus,20,2010A,,0,
East Campus,20,2010B,,0,
East Campus,20,2010C,,0,
East Campus,20,2010D,,0,
East Campus,20,2012A,,0,
East Campus,20,2012B,,0,
East Campus,20,2012C,,0,
East Campus,20,2012D,,0,
East Campus,20,2014A,,0,
East Campus,20,2014B,,0,
East Campus,20,2014C,,0,
East Campus,20,2014D,,0,
East Campus,20,2016A,,0,
East Campus,20,2016B,,0,
East Campus,20,2016C,,0,
East Campus,20,2016D,,0,
East Campus,20,2018A,,0,
East Campus,20,2018B,,0,
East Campus,20,2018C,,0,
East Campus,20,2018D,,0,
East Campus,20,2020A,,0,
East Campus,20,2020B,,0,
East Campus,20,2020C,,0,
East Campus,20,2020D,,0,
East Campus,20,2020E,,0,
East Campus,6,605,,0,
East Campus,6,607,,0,
East Campus,6,609,,0,
East Campus,6,611,,0,
East Campus,6,613,,0,
East Campus,6,615,,0,
East Campus,6,617,,0,
East Campus,6,619,,0,
East Campus,8,801A,,0,
East Campus,8,801B,,0,
East Campus,8,802A,,0,
East Campus,8,802B,,0,
East Campus,8,802C,,0,
East Campus,8,802D,,0,
East Campus,8,802E,,0,
East Campus,8,802F,,0,
East Campus,8,803A,,0,
East Campus,8,803B,,0,
East Campus,8,804A,,0,
East Campus,8,804B,,0,
East Campus,8,804C,,0,
East Campus,8,804D,,0,
East Campus,8,805A,,0,
East Campus,8,805B,,0,
East Campus,8,806A,,0,
East Campus,8,806B,,0,
East Campus,8,806C,,0,
East Campus,8,806D,,0,
East Campus,8,807A,,0,
East Campus,8,807B,,0,
East Campus,8,808A,,0,
East Campus,8,808B,,0,
East Campus,8,808C,,0,
East Campus,8,808D,,0,
East Campus,8,810A,,0,
East Campus,8,810B,,0,
East Campus,8,810C,,0,
East Campus,8,810D,,0,
East Campus,8,812A,,0,
East Campus,8,812B,,0,
East Campus,8,812C,,0,
East Campus,8,812D,,0,
East Campus,8,814A,,0,
East Campus,8,814B,,0,
East Campus,8,814C,,0,
East Campus,8,814D,,0,
East Campus,8,816A,,0,
East Campus,8,816B,,0,
East Campus,8,816C,,0,
East Campus,8,816D,,0,
East Campus,8,818A,,0,
East Campus,8,818B,,0,
East Campus,8,818C,,0,
East Campus,8,818D,,0,
East Campus,8,820A,,0,
East Campus,8,820B,,0,
East Campus,8,820C,,0,
East Campus,8,820D,,0,
East Campus,8,820E,,0,
East Campus,Lower Townhouses,H1001A,,0,
East Campus,Lower Townhouses,H1001B,,0,
East Campus,Lower Townhouses,H1001C,,0,
East Campus,Lower Townhouses,H1001D,,0,
East Campus,Lower Townhouses,H1002A,,0,
East Campus,Lower Townhouses,H1002B,,0,
East Campus,Lower Townhouses,H1002C,,0,
East Campus,Lower Townhouses,H1002D,,0,
East Campus,Lower Townhouses,H201A,,0,
East Campus,Lower Townhouses,H201B,,0,
East Campus,Lower Townhouses,H201C,,0,
East Campus,Lower Townhouses,H201D,,0,
East Campus,Lower Townhouses,H202A,,0,
East Campus,Lower Townhouses,H202B,,0,
East Campus,Lower Townhouses,H202C,,0,
East Campus,Lower Townhouses,H202D,,0,
East Campus,Lower Townhouses,H401A,,0,
East Campus,Lower Townhouses,H401B,,0,
East Campus,Lower Townhouses,H401C,,0,
East Campus,Lower Townhouses,H401D,,0,
East Campus,Lower Townhouses,H402A,,0,
East Campus,Lower Townhouses,H402B,,0,
East Campus,Lower Townhouses,H402C,,0,
East Campus,Lower Townhouses,H402D,,0,
East Campus,Lower Townhouses,H601A,,0,
East Campus,Lower Townhouses,H601B,,0,
East Campus,Lower Townhouses,H601C,,0,
East Campus,Lower Townhouses,H601D,,0,
East Campus,Lower Townhouses,H602A,,0,
East Campus,Lower Townhouses,H602B,,0,
East Campus,Lower Townhouses,H602C,,0,
East Campus,Lower Townhouses,H602D,,0,
East Campus,Lower Townhouses,H801A,,0,
East Campus,Lower Townhouses,H801B,,0,
East Campus,Lower Townhouses,H801C,,0,
East Campus,Lower Townhouses,H801D,,0,
East Campus,Lower Townhouses,H802A,,0,
East Campus,Lower Townhouses,H802B,,0,
East Campus,Lower Townhouses,H802C,,0,
East Campus,Lower Townhouses,H802D,,0,
East Campus,Middle Townhouses 1,H1003A,,0,
East Campus,Middle Townhouses 1,H1003B,,0,
East Campus,Middle Townhouses 1,H1004A,,0,
East Campus,Middle Townhouses 1,H1004B,,0,
East Campus,Middle Townhouses 1,H103A,,0,
East Campus,Middle Townhouses 1,H103B,,0,
East Campus,Middle Townhouses 1,H104A,,0,
East Campus,Middle Townhouses 1,H104B,,0,
East Campus,Middle Townhouses 1,H203A,,0,
East Campus,Middle Townhouses 1,H203B,,0,
East Campus,Middle Townhouses 1,H204A,,0,
East Campus,Middle Townhouses 1,H204B,,0,
East Campus,Middle Townhouses 1,H303A,,0,
East Campus,Middle Townhouses 1,H303B,,0,
East Campus,Middle Townhouses 1,H304A,,0,
East Campus,Middle Townhouses 1,H304B,,0,
East Campus,Middle Townhouses 1,H403A,,0,
East Campus,Middle Townhouses 1,H403B,,0,
East Campus,Middle Townhouses 1,H404A,,0,
East Campus,Middle Townhouses 1,H404B,,0,
East Campus,Middle Townhouses 1,H503A,,0,
East Campus,Middle Townhouses 1,H503B,,0,
East Campus,Middle Townhouses 1,H504A,,0,
East Campus,Middle Townhouses 1,H504B,,0,
East Campus,Middle Townhouses 1,H603A,,0,
East Campus,Middle Townhouses 1,H603B,,0,
East Campus,Middle Townhouses 1,H604A,,0,
East Campus,Middle Townhouses 1,H604B,,0,
East Campus,Middle Townhouses 1,H703A,,0,
East Campus,Middle Townhouses 1,H703B,,0,
East Campus,Middle Townhouses 1,H704A,,0,
East Campus,Middle Townhouses 1,H704B,,0,
East Campus,Middle Townhouses 1,H803A,,0,
East Campus,Middle Townhouses 1,H803B,,0,
East Campus,Middle Townhouses 1,H804A,,0,
East Campus,Middle Townhouses 1,H804B,,0,
East Campus,Middle Townhouses 1,H903A,,0,
East Campus,Middle Townhouses 1,H903B,,0,
East Campus,Middle Townhouses 1,H904A,,0,
East Campus,Middle Townhouses 1,H904B,,0,
East Campus,Middle Townhouses 3,H1003C,,0,
East Campus,Middle Townhouses 3,H1003D,,0,
East Campus,Middle Townhouses 3,H1004C,,0,
East Campus,Middle Townhouses 3,H1004D,,0,
East Campus,Middle Townhouses 3,H103C,,0,
East Campus,Middle Townhouses 3,H103D,,0,
East Campus,Middle Townhouses 3,H104C,,0,
East Campus,Middle Townhouses 3,H104D,,0,
East Campus,Middle Townhouses 3,H203C,,0,
East Campus,Middle Townhouses 3,H203D,,0,
East Campus,Middle Townhouses 3,H204C,,0,
East Campus,Middle Townhouses 3,H204D,,0,
East Campus,Middle Townhouses 3,H303C,,0,
East Campus,Middle Townhouses 3,H303D,,0,
East Campus,Middle Townhouses 3,H304C,,0,
East Campus,Middle Townhouses 3,H304D,,0,
East Campus,Middle Townhouses 3,H403C,,0,
East Campus,Middle Townhouses 3,H403D,,0,
East Campus,Middle Townhouses 3,H404C,,0,
East Campus,Middle Townhouses 3,H404D,,0,
East Campus,Middle Townhouses 3,H503C,,0,
East Campus,Middle Townhouses 3,H503D,,0,
East Campus,Middle Townhouses 3,H504C,,0,
East Campus,Middle Townhouses 3,H504D,,0,
East Campus,Middle Townhouses 3,H603C,,0,
East Campus,Middle Townhouses 3,H603D,,0,
East Campus,Middle Townhouses 3,H604C,,0,
East Campus,Middle Townhouses 3,H604D,,0,
East Campus,Middle Townhouses 3,H703C,,0,
East Campus,Middle Townhouses 3,H703D,,0,
East Campus,Middle Townhouses 3,H704C,,0,
East Campus,Middle Townhouses 3,H704D,,0,
East Campus,Middle Townhouses 3,H803C,,0,
East Campus,Middle Townhouses 3,H803D,,0,
East Campus,Middle Townhouses 3,H804C,,0,
East Campus,Middle Townhouses 3,H804D,,0,
East Campus,Middle Townhouses 3,H903C,,0,
East Campus,Middle Townhouses 3,H903D,,0,
East Campus,Middle Townhouses 3,H904C,,0,
East Campus,Middle Townhouses 3,H904D,,0,
East Campus,Middle Townhouses 4,H1003E,,0,
East Campus,Middle Townhouses 4,H1004E,,0,
East Campus,Middle Townhouses 4,H103E,,0,
East Campus,Middle Townhouses 4,H103F,,0,
East Campus,Middle Townhouses 4,H104E,,0,
East Campus,Middle Townhouses 4,H203E,,0,
East Campus,Middle Townhouses 4,H204E,,0,
East Campus,Middle Townhouses 4,H204F,,0,
East Campus,Middle Townhouses 4,H303E,,0,
East Campus,Middle Townhouses 4,H303F,,0,
East Campus,Middle Townhouses 4,H304E,,0,
East Campus,Middle Townhouses 4,H403E,,0,
East Campus,Middle Townhouses 4,H404E,,0,
East Campus,Middle Townhouses 4,H404F,,0,
East Campus,Middle Townhouses 4,H503E,,0,
East Campus,Middle Townhouses 4,H503F,,0,
East Campus,Middle Townhouses 4,H504F,,0,
East Campus,Middle Townhouses 4,H603E,,0,
East Campus,Middle Townhouses 4,H604E,,0,
East Campus,Middle Townhouses 4,H604F,,0,
East Campus,Middle Townhouses 4,H703E,,0,
East Campus,Middle Townhouses 4,H704E,,0,
East Campus,Middle Townhouses 4,H704F,,0,
East Campus,Middle Townhouses 4,H803E,,0,
East Campus,Middle Townhouses 4,H804E,,0,
East Campus,Middle Townhouses 4,H804F,,0,
East Campus,Middle Townhouses 4,H904E,,0,
East Campus,Upper Townhouse 2,H1005A,,0,
East Campus,Upper Townhouse 2,H1005B,,0,
East Campus,Upper Townhouse 2,H1006A,,0,
East Campus,Upper Townhouse 2,H1006B,,0,
East Campus,Upper Townhouse 2,H105A,,0,
East Campus,Upper Townhouse 2,H105B,,0,
East Campus,Upper Townhouse 2,H106A,,0,
East Campus,Upper Townhouse 2,H106B,,0,
East Campus,Upper Townhouse 2,H205A,,0,
East Campus,Upper Townhouse 2,H205B,,0,
East Campus,Upper Townhouse 2,H206A,,0,
East Campus,Upper Townhouse 2,H206B,,0,
East Campus,Upper Townhouse 2,H305A,,0,
East Campus,Upper Townhouse 2,H305B,,0,
East Campus,Upper Townhouse 2,H306A,,0,
East Campus,Upper Townhouse 2,H306B,,0,
East Campus,Upper Townhouse 2,H405A,,0,
East Campus,Upper Townhouse 2,H405B,,0,
East Campus,Upper Townhouse 2,H406A,,0,
East Campus,Upper Townhouse 2,H406B,,0,
East Campus,Upper Townhouse 2,H505A,,0,
East Campus,Upper Townhouse 2,H505B,,0,
East Campus,Upper Townhouse 2,H506A,,0,
East Campus,Upper Townhouse 2,H506B,,0,
East Campus,Upper Townhouse 2,H605A,,0,
East Campus,Upper Townhouse 2,H605B,,0,
East Campus,Upper Townhouse 2,H606A,,0,
East Campus,Upper Townhouse 2,H606B,,0,
East Campus,Upper Townhouse 2,H705A,,0,
East Campus,Upper Townhouse 2,H705B,,0,
East Campus,Upper Townhouse 2,H706A,,0,
East Campus,Upper Townhouse 2,H706B,,0,
East Campus,Upper Townhouse 2,H805A,,0,
East Campus,Upper Townhouse 2,H805B,,0,
East Campus,Upper Townhouse 2,H806A,,0,
East Campus,Upper Townhouse 2,H806B,,0,
East Campus,Upper Townhouse 2,H905A,,0,
East Campus,Upper Townhouse 2,H905B,,0,
East Campus,Upper Townhouse 2,H906A,,0,
East Campus,Upper Townhouse 2,H906B,,0,
East Campus,Upper Townhouse 3,H1005C,,0,
East Campus,Upper Townhouse 3,H1005D,,0,
East Campus,Upper Townhouse 3,H1006C,,0,
East Campus,Upper Townhouse 3,H1006D,,0,
East Campus,Upper Townhouse 3,H105C,,0,
East Campus,Upper Townhouse 3,H105D,,0,
East Campus,Upper Townhouse 3,H106C,,0,
East Campus,Upper Townhouse 3,H106D,,0,
East Campus,Upper Townhouse 3,H205C,,0,
East Campus,Upper Townhouse 3,H205D,,0,
East Campus,Upper Townhouse 3,H206C,,0,
East Campus,Upper Townhouse 3,H206D,,0,
East Campus,Upper Townhouse 3,H305C,,0,
East Campus,Upper Townhouse 3,H305D,,0,
East Campus,Upper Townhouse 3,H306C,,0,
East Campus,Upper Townhouse 3,H306D,,0,
East Campus,Upper Townhouse 3,H405C,,0,
East Campus,Upper Townhouse 3,H405D,,0,
East Campus,Upper Townhouse 3,H406C,,0,
East Campus,Upper Townhouse 3,H406D,,0,
East Campus,Upper Townhouse 3,H505C,,0,
East Campus,Upper Townhouse 3,H505D,,0,
East Campus,Upper Townhouse 3,H506C,,0,
East Campus,Upper Townhouse 3,H506D,,0,
East Campus,Upper Townhouse 3,H605C,,0,
East Campus,Upper Townhouse 3,H605D,,0,
East Campus,Upper Townhouse 3,H606C,,0,
East Campus,Upper Townhouse 3,H606D,,0,
East Campus,Upper Townhouse 3,H705C,,0,
East Campus,Upper Townhouse 3,H705D,,0,
East Campus,Upper Townhouse 3,H706C,,0,
East Campus,Upper Townhouse 3,H706D,,0,
East Campus,Upper Townhouse 3,H805C,,0,
East Campus,Upper Townhouse 3,H805D,,0,
East Campus,Upper Townhouse 3,H806C,,0,
East Campus,Upper Townhouse 3,H806D,,0,
East Campus,Upper Townhouse 3,H905C,,0,
East Campus,Upper Townhouse 3,H905D,,0,
East Campus,Upper Townhouse 3,H906C,,0,
East Campus,Upper Townhouse 3,H906D,,0,
East Campus,Upper Townhouse 4,H1005E,,0,
East Campus,Upper Townhouse 4,H1005F,,0,
East Campus,Upper Townhouse 4,H1006E,,0,
East Campus,Upper Townhouse 4,H1006F,,0,
East Campus,Upper Townhouse 4,H105E,,0,
East Campus,Upper Townhouse 4,H105F,,0,
East Campus,Upper Townhouse 4,H106E,,0,
East Campus,Upper Townhouse 4,H106F,,0,
East Campus,Upper Townhouse 4,H205E,,0,
East Campus,Upper Townhouse 4,H205F,,0,
East Campus,Upper Townhouse 4,H206E,,0,
East Campus,Upper Townhouse 4,H206F,,0,
East Campus,Upper Townhouse 4,H305E,,0,
East Campus,Upper Townhouse 4,H305F,,0,
East Campus,Upper Townhouse 4,H306E,,0,
East Campus,Upper Townhouse 4,H306F,,0,
East Campus,Upper Townhouse 4,H405E,,0,
East Campus,Upper Townhouse 4,H405F,,0,
East Campus,Upper Townhouse 4,H406E,,0,
East Campus,Upper Townhouse 4,H406F,,0,
East Campus,Upper Townhouse 4,H505E,,0,
East Campus,Upper Townhouse 4,H505F,,0,
East Campus,Upper Townhouse 4,H506E,,0,
East Campus,Upper Townhouse 4,H506F,,0,
East Campus,Upper Townhouse 4,H605E,,0,
East Campus,Upper Townhouse 4,H605F,,0,
East Campus,Upper Townhouse 4,H606E,,0,
East Campus,Upper Townhouse 4,H606F,,0,
East Campus,Upper Townhouse 4,H705E,,0,
East Campus,Upper Townhouse 4,H705F,,0,
East Campus,Upper Townhouse 4,H706E,,0,
East Campus,Upper Townhouse 4,H706F,,0,
East Campus,Upper Townhouse 4,H805E,,0,
East Campus,Upper Townhouse 4,H805F,,0,
East Campus,Upper Townhouse 4,H806E,,0,
East Campus,Upper Townhouse 4,H806F,,0,
East Campus,Upper Townhouse 4,H905E,,0,
East Campus,Upper Townhouse 4,H905F,,0,
East Campus,Upper Townhouse 4,H906E,,0,
East Campus,Upper Townhouse 4,H906F,,0,
Furnald,1,101,,0,
Furnald,1,102,,0,
Furnald,1,103,,0,
Furnald,1,104,,0,
Furnald,1,105,,0,
Furnald,1,106,,0,
Furnald,1,107,,0,
Furnald,1,109,,0,
Furnald,1,110,,0,
Furnald,1,111,,0,
Furnald,1,112,,0,
Furnald,1,113,,0,
Furnald,1,114,,0,
Furnald,1,115,,0,
Furnald,10,1001,,0,
Furnald,10,1002,,0,
Furnald,10,1004,,0,
Furnald,10,1005,,0,
Furnald,10,1006,,0,
Furnald,10,1007,,0,
Furnald,10,1008,,0,
Furnald,10,1009,,0,
Furnald,10,1010,,0,
Furnald,10,1011,,0,
Furnald,10,1012,,0,
Furnald,2,201,,0,
Furnald,2,202,,0,
Furnald,2,203,,0,
Furnald,2,204,,0,
Furnald,2,205,,0,
Furnald,2,206,,0,
Furnald,2,207,,0,
Furnald,2,208,,0,
Furnald,2,211,,0,
Furnald,2,212,,0,
Furnald,2,213,,0,
Furnald,2,214,,0,
Furnald,2,215,,0,
Furnald,2,216,,0,
Furnald,2,217,,0,
Furnald,2,218,,0,
Furnald,3,301,,0,
Furnald,3,303,,0,
Furnald,3,304,,0,
Furnald,3,305,,0,
Furnald,3,306,,0,
Furnald,3,307,,0,
Furnald,3,309,,0,
Furnald,3,310,,0,
Furnald,3,311,,0,
Furnald,3,312,,0,
Furnald,3,313,,0,
Furnald,3,314,,0,
Furnald,3,315,,0,
Furnald,3,316,,0,
Furnald,3,317,,0,
Furnald,3,318,,0,
Furnald,3,319,,0,
Furnald,3,320,,0,
Furnald,3,321,,0,
Furnald,3,322,,0,
Furnald,3,323,,0,
Furnald,3,324,,0,
Furnald,3,325,,0,
Furnald,3,326,,0,
Furnald,3,327,,0,
Furnald,4,401,,0,
Furnald,4,403,,0,
Furnald,4,404,,0,
Furnald,4,405,,0,
Furnald,4,406,,0,
Furnald,4,407,,0,
Furnald,4,409,,0,
Furnald,4,410,,0,
Furnald,4,411,,0,
Furnald,4,412,,0,
Furnald,4,413,,0,
Furnald,4,414,,0,
Furnald,4,415,,0,
Furnald,4,416,,0,
Furnald,4,417,,0,
Furnald,4,418,,0,
Furnald,4,419,,0,
Furnald,4,420,,0,
Furnald,4,421,,0,
Furnald,4,422,,0,
Furnald,4,423,,0,
Furnald,4,424,,0,
Furnald,4,425,,0,
Furnald,4,426,,0,
Furnald,4,427,,0,
Furnald,5,501,,0,
Furnald,5,503,,0,
Furnald,5,504,,0,
Furnald,5,505,,0,
Furnald,5,506,,0,
Furnald,5,507,,0,
Furnald,5,509,,0,
Furnald,5,510,,0,
Furnald,5,511,,0,
Furnald,5,512,,0,
Furnald,5,513,,0,
Furnald,5,514,,0,
Furnald,5,515,,0,
Furnald,5,516,,0,
Furnald,5,517,,0,
Furnald,5,518,,0,
Furnald,5,519,,0,
Furnald,5,520,,0,
Furnald,5,521,,0,
Furnald,5,522,,0,
Furnald,5,523,,0,
Furnald,5,524,,0,
Furnald,5,525,,0,
Furnald,5,526,,0,
Furnald,5,527,,0,
Furnald,6,601,,0,
Furnald,6,603,,0,
Furnald,6,604,,0,
Furnald,6,605,,0,
Furnald,6,606,,0,
Furnald,6,607,,0,
Furnald,6,609,,0,
Furnald,6,610,,0,
Furnald,6,611,,0,
Furnald,6,612,,0,
Furnald,6,613,,0,
Furnald,6,614,,0,
Furnald,6,615,,0,
Furnald,6,616,,0,
Furnald,6,617,,0,
Furnald,6,618,,0,
Furnald,6,619,,0,
Furnald,6,620,,0,
Furnald,6,621,,0,
Furnald,6,622,,0,
Furnald,6,623,,0,
Furnald,6,624,,0,
Furnald,6,625,,0,
Furnald,6,626,,0,
Furnald,6,627,,0,
Furnald,7,701,,0,
Furnald,7,703,,0,
Furnald,7,704,,0,
Furnald,7,705,,0,
Furnald,7,706,,0,
Furnald,7,707,,0,
Furnald,7,709,,0,
Furnald,7,710,,0,
Furnald,7,711,,0,
Furnald,7,712,,0,
Furnald,7,713,,0,
Furnald,7,714,,0,
Furnald,7,715,,0,
Furnald,7,716,,0,
Furnald,7,717,,0,
Furnald,7,718,,0,
Furnald,7,719,,0,
Furnald,7,720,,0,
Furnald,7,721,,0,
Furnald,7,722,,0,
Furnald,7,723,,0,
Furnald,7,724,,0,
Furnald,7,725,,0,
Furnald,7,726,,0,
Furnald,7,727,,0,
Furnald,8,801,,0,
Furnald,8,803,,0,
Furnald,8,804,,0,
Furnald,8,805,,0,
Furnald,8,806,,0,
Furnald,8,807,,0,
Furnald,8,809,,0,
Furnald,8,810,,0,
Furnald,8,811,,0,
Furnald,8,812,,0,
Furnald,8,813,,0,
Furnald,8,814,,0,
Furnald,8,815,,0,
Furnald,8,816,,0,
Furnald,8,817,,0,
Furnald,8,818,,0,
Furnald,8,819,,0,
Furnald,8,820,,0,
Furnald,8,821,,0,
Furnald,8,822,,0,
Furnald,8,823,,0,
Furnald,8,824,,0,
Furnald,8,825,,0,
Furnald,8,826,,0,
Furnald,8,827,,0,
Furnald,9,901,,0,
Furnald,9,905,,0,
Furnald,9,906,,0,
Furnald,9,907,,0,
Furnald,9,909,,0,
Furnald,9,910,,0,
Furnald,9,911,,0,
Furnald,9,912,,0,
Furnald,9,913,,0,
Furnald,9,914,,0,
Furnald,9,915,,0,
Furnald,9,916,,0,
Furnald,9,917,,0,
Furnald,9,918,,0,
Furnald,9,919,,0,
Furnald,9,920,,0,
Furnald,9,921,,0,
Furnald,9,922,,0,
Furnald,9,923,,0,
Furnald,9,924,,0,
Furnald,9,925,,0,
Furnald,9,926,,0,
Furnald,9,927,,0,
Harmony,1,102,,0,
Harmony,1,103,,0,
Harmony,1,104,,0,
Harmony,1,105,,0,
Harmony,1,106,,0,
Harmony,2,200,,0,
Harmony,2,201,,0,
Harmony,2,202,,0,
Harmony,2,204,,0,
Harmony,2,205,,0,
Harmony,2,206,,0,
Harmony,2,207,,0,
Harmony,2,208,,0,
Harmony,3,301,,0,
Harmony,3,302,,0,
Harmony,3,304,,0,
Harmony,3,305,,0,
Harmony,3,306,,0,
Harmony,3,307,,0,
Harmony,3,308,,0,
Harmony,3,309,,0,
Harmony,3,310,,0,
Harmony,3,311,,0,
Harmony,3,312,,0,
Harmony,4,401,,0,
Harmony,4,402,,0,
Harmony,4,404,,0,
Harmony,4,405,,0,
Harmony,4,406,,0,
Harmony,4,407,,0,
Harmony,4,408,,0,
Harmony,4,409,,0,
Harmony,4,410,,0,
Harmony,4,411,,0,
Harmony,4,412,,0,
Harmony,5,501,,0,
Harmony,5,502,,0,
Harmony,5,504,,0,
Harmony,5,505,,0,
Harmony,5,506,,0,
Harmony,5,507,,0,
Harmony,5,508,,0,
Harmony,5,509,,0,
Harmony,5,510,,0,
Harmony,5,511,,0,
Harmony,5,512,,0,
Harmony,6,601,,0,
Harmony,6,602,,0,
Harmony,6,604,,0,
Harmony,6,605,,0,
Harmony,6,606,,0,
Harmony,6,607,,0,
Harmony,6,608,,0,
Harmony,6,609,,0,
Harmony,6,610,,0,
Harmony,6,611,,0,
Harmony,7,701,,0,
Harmony,7,702,,0,
Harmony,7,704,,0,
Harmony,7,705,,0,
Harmony,7,706,,0,
Harmony,7,707,,0,
Harmony,7,708,,0,
Harmony,7,709,,0,
Harmony,7,710,,0,
Harmony,7,711,,0,
Harmony,8,801,,0,
Harmony,8,802,,0,
Harmony,8,804,,0,
Harmony,8,805,,0,
Harmony,8,806,,0,
Harmony,8,807,,0,
Harmony,8,808,,0,
Harmony,8,809,,0,
Harmony,8,810,,0,
Harmony,8,811,,0,
Harmony,Mezz,1M01,,0,
Harmony,Mezz,1M03,,0,
Harmony,Mezz,1M04,,0,
Harmony,Mezz,1M05,,0,
Harmony,Mezz,1M06,,0,
Harmony,Mezz,1M07,,0,
Hartley,10,10A1,,0,
Hartley,10,10A2,,0,
Hartley,10,10A3,,0,
Hartley,10,10A4,,0,
Hartley,2,2A1,,0,
Hartley,2,2A2,,0,
Hartley,2,2A3,,0,
Hartley,2,2A4,,0,
Hartley,2,2A5,,0,
Hartley,2,2A6,,0,
Hartley,2,2A7,,0,
Hartley,2,2A8,,0,
Hartley,2,2C1,,0,
Hartley,2,2C10,,0,
Hartley,2,2C2,,0,
Hartley,2,2C3,,0,
Hartley,2,2C4,,0,
Hartley,2,2C5,,0,
Hartley,2,2C6,,0,
Hartley,2,2C7,,0,
Hartley,2,2C8,,0,
Hartley,2,2C9,,0,
Hartley,3,3A1,,0,
Hartley,3,3A10,,0,
Hartley,3,3A11,,0,
Hartley,3,3A12,,0,
Hartley,3,3A13,,0,
Hartley,3,3A14,,0,
Hartley,3,3A2,,0,
Hartley,3,3A3,,0,
Hartley,3,3A4,,0,
Hartley,3,3A5,,0,
Hartley,3,3A6,,0,
Hartley,3,3A7,,0,
Hartley,3,3A8,,0,
Hartley,3,3A9,,0,
Hartley,3,3B1,,0,
Hartley,3,3B10,,0,
Hartley,3,3B2,,0,
Hartley,3,3B3,,0,
Hartley,3,3B4,,0,
Hartley,3,3B5,,0,
Hartley,3,3B6,,0,
Hartley,3,3B7,,0,
Hartley,3,3B8,,0,
Hartley,3,3B9,,0,
Hartley,3,3C1,,0,
Hartley,3,3C10,,0,
Hartley,3,3C11,,0,
Hartley,3,3C12,,0,
Hartley,3,3C13,,0,
Hartley,3,3C14,,0,
Hartley,3,3C2,,0,
Hartley,3,3C3,,0,
Hartley,3,3C4,,0,
Hartley,3,3C5,,0,
Hartley,3,3C6,,0,
Hartley,3,3C7,,0,
Hartley,3,3C8,,0,
Hartley,3,3C9,,0,
Hartley,5,5A1,,0,
Hartley,5,5A10,,0,
Hartley,5,5A11,,0,
Hartley,5,5A12,,0,
Hartley,5,5A13,,0,
Hartley,5,5A14,,0,
Hartley,5,5A2,,0,
Hartley,5,5A3,,0,
Hartley,5,5A4,,0,
Hartley,5,5A5,,0,
Hartley,5,5A6,,0,
Hartley,5,5A7,,0,
Hartley,5,5A8,,0,
Hartley,5,5A9,,0,
Hartley,5,5B1,,0,
Hartley,5,5B10,,0,
Hartley,5,5B2,,0,
Hartley,5,5B3,,0,
Hartley,5,5B4,,0,
Hartley,5,5B5,,0,
Hartley,5,5B6,,0,
Hartley,5,5B7,,0,
Hartley,5,5B8,,0,
Hartley,5,5B9,,0,
Hartley,5,5C1,,0,
Hartley,5,5C10,,0,
Hartley,5,5C11,,0,
Hartley,5,5C12,,0,
Hartley,5,5C13,,0,
Hartley,5,5C14,,0,
Hartley,5,5C2,,0,
Hartley,5,5C3,,0,
Hartley,5,5C4,,0,
Hartley,5,5C5,,0,
Hartley,5,5C6,,0,
Hartley,5,5C7,,0,
Hartley,5,5C8,,0,
Hartley,5,5C9,,0,
Hartley,6,6A1,,0,
Hartley,6,6A10,,0,
Hartley,6,6A11,,0,
Hartley,6,6A12,,0,
Hartley,6,6A13,,0,
Hartley,6,6A14,,0,
Hartley,6,6A2,,0,
Hartley,6,6A3,,0,
Hartley,6,6A4,,0,
Hartley,6,6A5,,0,
Hartley,6,6A6,,0,
Hartley,6,6A7,,0,
Hartley,6,6A8,,0,
Hartley,6,6A9,,0,
Hartley,6,6B1,,0,
Hartley,6,6B10,,0,
Hartley,6,6B2,,0,
Hartley,6,6B3,,0,
Hartley,6,6B4,,0,
Hartley,6,6B5,,0,
Hartley,6,6B6,,0,
Hartley,6,6B7,,0,
Hartley,6,6B8,,0,
Hartley,6,6B9,,0,
Hartley,6,6C1,,0,
Hartley,6,6C10,,0,
Hartley,6,6C11,,0,
Hartley,6,6C12,,0,
Hartley,6,6C13,,0,
Hartley,6,6C14,,0,
Hartley,6,6C2,,0,
Hartley,6,6C3,,0,
Hartley,6,6C4,,0,
Hartley,6,6C5,,0,
Hartley,6,6C6,,0,
Hartley,6,6C7,,0,
Hartley,6,6C8,,0,
Hartley,6,6C9,,0,
Hartley,8,8A1,,0,
Hartley,8,8A10,,0,
Hartley,8,8A11,,0,
Hartley,8,8A12,,0,
Hartley,8,8A13,,0,
Hartley,8,8A14,,0,
Hartley,8,8A2,,0,
Hartley,8,8A3,,0,
Hartley,8,8A4,,0,
Hartley,8,8A5,,0,
Hartley,8,8A6,,0,
Hartley,8,8A7,,0,
Hartley,8,8A8,,0,
Hartley,8,8A9,,0,
Hartley,8,8B1,,0,
Hartley,8,8B10,,0,
Hartley,8,8B2,,0,
Hartley,8,8B3,,0,
Hartley,8,8B4,,0,
Hartley,8,8B5,,0,
Hartley,8,8B6,,0,
Hartley,8,8B7,,0,
Hartley,8,8B8,,0,
Hartley,8,8B9,,0,
Hartley,8,8C1,,0,
Hartley,8,8C10,,0,
Hartley,8,8C11,,0,
Hartley,8,8C12,,0,
Hartley,8,8C13,,0,
Hartley,8,8C14,,0,
Hartley,8,8C2,,0,
Hartley,8,8C3,,0,
Hartley,8,8C4,,0,
Hartley,8,8C5,,0,
Hartley,8,8C6,,0,
Hartley,8,8C7,,0,
Hartley,8,8C8,,0,
Hartley,8,8C9,,0,
Hartley,9,9A1,,0,
Hartley,9,9A10,,0,
Hartley,9,9A2,,0,
Hartley,9,9A3,,0,
Hartley,9,9A4,,0,
Hartley,9,9A5,,0,
Hartley,9,9A6,,0,
Hartley,9,9A7,,0,
Hartley,9,9A8,,0,
Hartley,9,9A9,,0,
Hartley,9,9C1,,0,
Hartley,9,9C10,,0,
Hartley,9,9C2,,0,
Hartley,9,9C3,,0,
Hartley,9,9C4,,0,
Hartley,9,9C5,,0,
Hartley,9,9C6,,0,
Hartley,9,9C7,,0,
Hartley,9,9C8,,0,
Hartley,9,9C9,,0,
Hogan,2,2A1,,0,
Hogan,2,2A2,,0,
Hogan,2,2A3,,0,
Hogan,2,2A4,,0,
Hogan,2,2A5,,0,
Hogan,2,2B1,,0,
Hogan,2,2B2,,0,
Hogan,2,2B3,,0,
Hogan,2,2B4,,0,
Hogan,2,2C1,,0,
Hogan,2,2C2,,0,
Hogan,2,2C3,,0,
Hogan,2,2C4,,0,
Hogan,2,2C5,,0,
Hogan,2,2D1,,0,
Hogan,2,2D2,,0,
Hogan,2,2D3,,0,
Hogan,2,2D4,,0,
Hogan,2,2E1,,0,
Hogan,2,2E2,,0,
Hogan,2,2E3,,0,
Hogan,2,2E4,,0,
Hogan,3,3A1,,0,
Hogan,3,3A2,,0,
Hogan,3,3A3,,0,
Hogan,3,3A5,,0,
Hogan,3,3B1,,0,
Hogan,3,3B2,,0,
Hogan,3,3B3,,0,
Hogan,3,3B4,,0,
Hogan,3,3C1,,0,
Hogan,3,3C2,,0,
Hogan,3,3C3,,0,
Hogan,3,3C4,,0,
Hogan,3,3C5,,0,
Hogan,3,3D1,,0,
Hogan,3,3D2,,0,
Hogan,3,3D3,,0,
Hogan,3,3D4,,0,
Hogan,3,3E1,,0,
Hogan,3,3E2,,0,
Hogan,3,3E3,,0,
Hogan,3,3E4,,0,
Hogan,4,4A1,,0,
Hogan,4,4A2,,0,
Hogan,4,4A3,,0,
Hogan,4,4A5,,0,
Hogan,4,4B1,,0,
Hogan,4,4B2,,0,
Hogan,4,4B3,,0,
Hogan,4,4B4,,0,
Hogan,4,4C1,,0,
Hogan,4,4C2,,0,
Hogan,4,4C3,,0,
Hogan,4,4C4,,0,
Hogan,4,4C5,,0,
Hogan,4,4D1,,0,
Hogan,4,4D2,,0,
Hogan,4,4D3,,0,
Hogan,4,4D4,,0,
Hogan,4,4E1,,0,
Hogan,4,4E2,,0,
Hogan,4,4E3,,0,
Hogan,4,4E4,,0,
Hogan,5,5A1,,0,
Hogan,5,5A2,,0,
Hogan,5,5A3,,0,
Hogan,5,5A5,,0,
Hogan,5,5B1,,0,
Hogan,5,5B2,,0,
Hogan,5,5B3,,0,
Hogan,5,5B4,,0,
Hogan,5,5C1,,0,
Hogan,5,5C2,,0,
Hogan,5,5C3,,0,
Hogan,5,5C4,,0,
Hogan,5,5C5,,0,
Hogan,5,5D1,,0,
Hogan,5,5D2,,0,
Hogan,5,5D3,,0,
Hogan,5,5D4,,0,
Hogan,5,5E1,,0,
Hogan,5,5E2,,0,
Hogan,5,5E3,,0,
Hogan,5,5E4,,0,
Hogan,6,6A1,,0,
Hogan,6,6A2,,0,
Hogan,6,6A3,,0,
Hogan,6,6A5,,0,
Hogan,6,6B1,,0,
Hogan,6,6B2,,0,
Hogan,6,6B3,,0,
Hogan,6,6B4,,0,
Hogan,6,6C1,,0,
Hogan,6,6C2,,0,
Hogan,6,6C3,,0,
Hogan,6,6C4,,0,
Hogan,6,6C5,,0,
Hogan,6,6D1,,0,
Hogan,6,6D2,,0,
Hogan,6,6D3,,0,
Hogan,6,6D4,,0,
Hogan,6,6E1,,0,
Hogan,6,6E2,,0,
Hogan,6,6E3,,0,
Hogan,6,6E4,,0,
Hogan,7,7E1,,0,
Hogan,7,7E2,,0,
Hogan,7,7E3,,0,
Hogan,7,7E4,,0,
Hogan,7,7E5,,0,
Hogan,7,7E6,,0,
John Jay,10,1001,,0,
John Jay,10,1002,,0,
John Jay,10,1003,,0,
John Jay,10,1004,,0,
John Jay,10,1005,,0,
John Jay,10,1006,,0,
John Jay,10,1007,,0,
John Jay,10,1008,,0,
John Jay,10,1009,,0,
John Jay,10,1010,,0,
John Jay,10,1016,,0,
John Jay,10,1017,,0,
John Jay,10,1018,,0,
John Jay,10,1019,,0,
John Jay,10,1020,,0,
John Jay,10,1021,,0,
John Jay,10,1022,,0,
John Jay,10,1023,,0,
John Jay,10,1024,,0,
John Jay,10,1025,,0,
John Jay,10,1026,,0,
John Jay,10,1027,,0,
John Jay,10,1028,,0,
John Jay,10,1029,,0,
John Jay,10,1030,,0,
John Jay,10,1031,,0,
John Jay,10,1032,,0,
John Jay,10,1033,,0,
John Jay,10,1034,,0,
John Jay,10,1035,,0,
John Jay,10,1035A,,0,
John Jay,10,1036,,0,
John Jay,10,1037,,0,
John Jay,10,1038,,0,
John Jay,10,1039,,0,
John Jay,10,1040,,0,
John Jay,10,1041,,0,
John Jay,10,1042,,0,
John Jay,10,1043,,0,
John Jay,10,1044,,0,
John Jay,10,1045,,0,
John Jay,10,1046,,0,
John Jay,10,1047,,0,
John Jay,11,1101,,0,
John Jay,11,1102,,0,
John Jay,11,1103,,0,
John Jay,11,1104,,0,
John Jay,11,1105,,0,
John Jay,11,1106,,0,
John Jay,11,1107,,0,
John Jay,11,1108,,0,
John Jay,11,1109,,0,
John Jay,11,1110,,0,
John Jay,11,1116,,0,
John Jay,11,1117,,0,
John Jay,11,1118,,0,
John Jay,11,1119,,0,
John Jay,11,1120,,0,
John Jay,11,1121,,0,
John Jay,11,1122,,0,
John Jay,11,1123,,0,
John Jay,11,1124,,0,
John Jay,11,1125,,0,
John Jay,11,1126,,0,
John Jay,11,1127,,0,
John Jay,11,1128,,0,
John Jay,11,1129,,0,
John Jay,11,1130,,0,
John Jay,11,1131,,0,
John Jay,11,1132,,0,
John Jay,11,1133,,0,
John Jay,11,1134,,0,
John Jay,11,1135,,0,
John Jay,11,1135A,,0,
John Jay,11,1136,,0,
John Jay,11,1137,,0,
John Jay,11,1138,,0,
John Jay,11,1139,,0,
John Jay,11,1140,,0,
John Jay,11,1141,,0,
John Jay,11,1142,,0,
John Jay,11,1143,,0,
John Jay,11,1144,,0,
John Jay,11,1145,,0,
John Jay,11,1146,,0,
John Jay,11,1147,,0,
John Jay,12,1201,,0,
John Jay,12,1202,,0,
John Jay,12,1203,,0,
John Jay,12,1204,,0,
John Jay,12,1205,,0,
John Jay,12,1206,,0,
John Jay,12,1207,,0,
John Jay,12,1208,,0,
John Jay,12,1209,,0,
John Jay,12,1210,,0,
John Jay,12,1216,,0,
John Jay,12,1217,,0,
John Jay,12,1218,,0,
John Jay,12,1219,,0,
John Jay,12,1220,,0,
John Jay,12,1221,,0,
John Jay,12,1222,,0,
John Jay,12,1223,,0,
John Jay,12,1224,,0,
John Jay,12,1225,,0,
John Jay,12,1226,,0,
John Jay,12,1227,,0,
John Jay,12,1228,,0,
John Jay,12,1229,,0,
John Jay,12,1230,,0,
John Jay,12,1231,,0,
John Jay,12,1232,,0,
John Jay,12,1233,,0,
John Jay,12,1234,,0,
John Jay,12,1235,,0,
John Jay,12,1236,,0,
John Jay,12,1237,,0,
John Jay,12,1238,,0,
John Jay,12,1239,,0,
John Jay,12,1240,,0,
John Jay,12,1241,,0,
John Jay,12,1242,,0,
John Jay,12,1243,,0,
John Jay,12,1244,,0,
John Jay,12,1245,,0,
John Jay,12,1246,,0,
John Jay,12,1247,,0,
John Jay,12,1248,,0,
John Jay,13,1301,,0,
John Jay,13,1302,,0,
John Jay,13,1303,,0,
John Jay,13,1304,,0,
John Jay,13,1305,,0,
John Jay,13,1306,,0,
John Jay,13,1307,,0,
John Jay,13,1308,,0,
John Jay,13,1309,,0,
John Jay,13,1310,,0,
John Jay,13,1316,,0,
John Jay,13,1317,,0,
John Jay,13,1318,,0,
John Jay,13,1319,,0,
John Jay,13,1320,,0,
John Jay,13,1321,,0,
John Jay,13,1322,,0,
John Jay,13,1323,,0,
John Jay,13,1324,,0,
John Jay,13,1325,,0,
John Jay,13,1326,,0,
John Jay,13,1327,,0,
John Jay,13,1328,,0,
John Jay,13,1329,,0,
John Jay,13,1330,,0,
John Jay,13,1331,,0,
John Jay,13,1332,,0,
John Jay,13,1333,,0,
John Jay,13,1334,,0,
John Jay,13,1335,,0,
John Jay,13,1336,,0,
John Jay,13,1337,,0,
John Jay,13,1338,,0,
John Jay,13,1339,,0,
John Jay,13,1340,,0,
John Jay,13,1341,,0,
John Jay,13,1342,,0,
John Jay,13,1343,,0,
John Jay,13,1344,,0,
John Jay,13,1345,,0,
John Jay,13,1346,,0,
John Jay,13,1347,,0,
John Jay,13,1348,,0,
John Jay,14,1401,,0,
John Jay,14,1402,,0,
John Jay,14,1403,,0,
John Jay,14,1404,,0,
John Jay,14,1405,,0,
John Jay,14,1406,,0,
John Jay,14,1407,,0,
John Jay,14,1408,,0,
John Jay,14,1409,,0,
John Jay,14,1410,,0,
John Jay,14,1416,,0,
John Jay,14,1417,,0,
John Jay,14,1418,,0,
John Jay,14,1419,,0,
John Jay,14,1420,,0,
John Jay,14,1421,,0,
John Jay,14,1422,,0,
John Jay,14,1423,,0,
John Jay,14,1424,,0,
John Jay,14,1425,,0,
John Jay,14,1426,,0,
John Jay,14,1427,,0,
John Jay,14,1428,,0,
John Jay,14,1429,,0,
John Jay,14,1430,,0,
John Jay,14,1431,,0,
John Jay,14,1432,,0,
John Jay,14,1433,,0,
John Jay,14,1434,,0,
John Jay,14,1435,,0,
John Jay,14,1436,,0,
John Jay,14,1437,,0,
John Jay,14,1438,,0,
John Jay,14,1439,,0,
John Jay,14,1440,,0,
John Jay,14,1441,,0,
John Jay,14,1442,,0,
John Jay,14,1443,,0,
John Jay,14,1444,,0,
John Jay,15,1501,,0,
John Jay,15,1502,,0,
John Jay,15,1503,,0,
John Jay,15,1504,,0,
John Jay,15,1505,,0,
John Jay,15,1506,,0,
John Jay,15,1507,,0,
John Jay,15,1508,,0,
John Jay,15,1509,,0,
John Jay,15,1510,,0,
John Jay,15,1516,,0,
John Jay,15,1517,,0,
John Jay,15,1518,,0,
John Jay,15,1519,,0,
John Jay,15,1520,,0,
John Jay,15,1521,,0,
John Jay,15,1522,,0,
John Jay,15,1523,,0,
John Jay,15,1524,,0,
John Jay,15,1525,,0,
John Jay,5,501,,0,
John Jay,5,502,,0,
John Jay,5,503,,0,
John Jay,5,504,,0,
John Jay,5,505,,0,
John Jay,5,506,,0,
John Jay,5,507,,0,
John Jay,5,508,,0,
John Jay,5,509,,0,
John Jay,5,510,,0,
John Jay,5,516,,0,
John Jay,5,517,,0,
John Jay,5,518,,0,
John Jay,5,519,,0,
John Jay,5,520,,0,
John Jay,5,521,,0,
John Jay,5,522,,0,
John Jay,5,523,,0,
John Jay,5,524,,0,
John Jay,5,525,,0,
John Jay,5,526,,0,
John Jay,5,527,,0,
John Jay,5,528,,0,
John Jay,5,529,,0,
John Jay,5,530,,0,
John Jay,5,531,,0,
John Jay,5,532,,0,
John Jay,5,533,,0,
John Jay,5,534,,0,
John Jay,5,535,,0,
John Jay,5,535A,,0,
John Jay,5,536,,0,
John Jay,5,537,,0,
John Jay,5,538,,0,
John Jay,5,539,,0,
John Jay,5,540,,0,
John Jay,5,541,,0,
John Jay,5,542,,0,
John Jay,5,543,,0,
John Jay,5,544,,0,
John Jay,5,545,,0,
John Jay,5,546,,0,
John Jay,5,547,,0,
John Jay,6,601,,0,
John Jay,6,602,,0,
John Jay,6,603,,0,
John Jay,6,604,,0,
John Jay,6,605,,0,
John Jay,6,606,,0,
John Jay,6,607,,0,
John Jay,6,608,,0,
John Jay,6,609,,0,
John Jay,6,610,,0,
John Jay,6,616,,0,
John Jay,6,617,,0,
John Jay,6,618,,0,
John Jay,6,619,,0,
John Jay,6,620,,0,
John Jay,6,621,,0,
John Jay,6,622,,0,
John Jay,6,623,,0,
John Jay,6,624,,0,
John Jay,6,625,,0,
John Jay,6,626,,0,
John Jay,6,627,,0,
John Jay,6,628,,0,
John Jay,6,629,,0,
John Jay,6,630,,0,
John Jay,6,631,,0,
John Jay,6,632,,0,
John Jay,6,633,,0,
John Jay,6,634,,0,
John Jay,6,635,,0,
John Jay,6,635A,,0,
John Jay,6,636,,0,
John Jay,6,637,,0,
John Jay,6,638,,0,
John Jay,6,639,,0,
John Jay,6,640,,0,
John Jay,6,641,,0,
John Jay,6,642,,0,
John Jay,6,643,,0,
John Jay,6,644,,0,
John Jay,6,645,,0,
John Jay,6,646,,0,
John Jay,6,647,,0,
John Jay,7,701,,0,
John Jay,7,702,,0,
John Jay,7,703,,0,
John Jay,7,704,,0,
John Jay,7,705,,0,
John Jay,7,706,,0,
John Jay,7,707,,0,
John Jay,7,708,,0,
John Jay,7,709,,0,
John Jay,7,710,,0,
John Jay,7,716,,0,
John Jay,7,717,,0,
John Jay,7,718,,0,
John Jay,7,719,,0,
John Jay,7,720,,0,
John Jay,7,721,,0,
John Jay,7,722,,0,
John Jay,7,723,,0,
John Jay,7,724,,0,
John Jay,7,725,,0,
John Jay,7,726,,0,
John Jay,7,727,,0,
John Jay,7,728,,0,
John Jay,7,729,,0,
John Jay,7,730,,0,
John Jay,7,731,,0,
John Jay,7,732,,0,
John Jay,7,733,,0,
John Jay,7,734,,0,
John Jay,7,735,,0,
John Jay,7,735A,,0,
John Jay,7,736,,0,
John Jay,7,737,,0,
John Jay,7,738,,0,
John Jay,7,739,,0,
John Jay,7,740,,0,
John Jay,7,741,,0,
John Jay,7,742,,0,
John Jay,7,743,,0,
John Jay,7,744,,0,
John Jay,7,745,,0,
John Jay,7,746,,0,
John Jay,7,747,,0,
John Jay,8,801,,0,
John Jay,8,802,,0,
John Jay,8,803,,0,
John Jay,8,804,,0,
John Jay,8,805,,0,
John Jay,8,806,,0,
John Jay,8,807,,0,
John Jay,8,808,,0,
John Jay,8,809,,0,
John Jay,8,810,,0,
John Jay,8,816,,0,
John Jay,8,817,,0,
John Jay,8,818,,0,
John Jay,8,819,,0,
John Jay,8,820,,0,
John Jay,8,821,,0,
John Jay,8,822,,0,
John Jay,8,823,,0,
John Jay,8,824,,0,
John Jay,8,825,,0,
John Jay,8,826,,0,
John Jay,8,827,,0,
John Jay,8,828,,0,
John Jay,8,829,,0,
John Jay,8,830,,0,
John Jay,8,831,,0,
John Jay,8,832,,0,
John Jay,8,833,,0,
John Jay,8,834,,0,
John Jay,8,835,,0,
John Jay,8,835A,,0,
John Jay,8,836,,0,
John Jay,8,837,,0,
John Jay,8,838,,0,
John Jay,8,839,,0,
John Jay,8,840,,0,
John Jay,8,841,,0,
John Jay,8,842,,0,
John Jay,8,843,,0,
John Jay,8,844,,0,
John Jay,8,845,,0,
John Jay,8,846,,0,
John Jay,8,847,,0,
John Jay,9,901,,0,
John Jay,9,902,,0,
John Jay,9,903,,0,
John Jay,9,904,,0,
John Jay,9,905,,0,
John Jay,9,906,,0,
John Jay,9,907,,0,
John Jay,9,908,,0,
John Jay,9,909,,0,
John Jay,9,910,,0,
John Jay,9,916,,0,
John Jay,9,917,,0,
John Jay,9,918,,0,
John Jay,9,919,,0,
John Jay,9,920,,0,
John Jay,9,921,,0,
John Jay,9,922,,0,
John Jay,9,923,,0,
John Jay,9,924,,0,
John Jay,9,925,,0,
John Jay,9,926,,0,
John Jay,9,927,,0,
John Jay,9,928,,0,
John Jay,9,929,,0,
John Jay,9,930,,0,
John Jay,9,931,,0,
John Jay,9,932,,0,
John Jay,9,933,,0,
John Jay,9,934,,0,
John Jay,9,935,,0,
John Jay,9,935A,,0,
John Jay,9,936,,0,
John Jay,9,937,,0,
John Jay,9,938,,0,
John Jay,9,939,,0,
John Jay,9,940,,0,
John Jay,9,941,,0,
John Jay,9,942,,0,
John Jay,9,943,,0,
John Jay,9,944,,0,
John Jay,9,945,,0,
John Jay,9,946,,0,
John Jay,9,947,,0,
McBain,1,102,,0,
McBain,1,103,,0,
McBain,1,104,,0,
McBain,2,201,,0,
McBain,2,203,,0,
McBain,2,204,,0,
McBain,2,205,,0,
McBain,2,207,,0,
McBain,2,208,,0,
McBain,2,209,,0,
McBain,2,210,,0,
McBain,2,211,,0,
McBain,2,212,,0,
McBain,2,213,,0,
McBain,2,214,,0,
McBain,2,215,,0,
McBain,2,216,,0,
McBain,2,217,,0,
McBain,2,219,,0,
McBain,2,220,,0,
McBain,2,222,,0,
McBain,2,223,,0,
McBain,2,224,,0,
McBain,2,225,,0,
McBain,2,226,,0,
McBain,2,228,,0,
McBain,2,229,,0,
McBain,2,230,,0,
McBain,2,231,,0,
McBain,2,232,,0,
McBain,2,233,,0,
McBain,2,234,,0,
McBain,2,235,,0,
McBain,3,301,,0,
McBain,3,302,,0,
McBain,3,303,,0,
McBain,3,304,,0,
McBain,3,305,,0,
McBain,3,307,,0,
McBain,3,308,,0,
McBain,3,310,,0,
McBain,3,311,,0,
McBain,3,312,,0,
McBain,3,313,,0,
McBain,3,314,,0,
McBain,3,316,,0,
McBain,3,317,,0,
McBain,3,318,,0,
McBain,3,319,,0,
McBain,3,320,,0,
McBain,3,321,,0,
McBain,3,322,,0,
McBain,3,323,,0,
McBain,3,324,,0,
McBain,3,325,,0,
McBain,3,326,,0,
McBain,3,328,,0,
McBain,3,329,,0,
McBain,3,330,,0,
McBain,3,334,,0,
McBain,4,401,,0,
McBain,4,402,,0,
McBain,4,403,,0,
McBain,4,404,,0,
McBain,4,405,,0,
McBain,4,406,,0,
McBain,4,407,,0,
McBain,4,408,,0,
McBain,4,409,,0,
McBain,4,410,,0,
McBain,4,411,,0,
McBain,4,412,,0,
McBain,4,413,,0,
McBain,4,414,,0,
McBain,4,415,,0,
McBain,4,416,,0,
McBain,4,417,,0,
McBain,4,418,,0,
McBain,4,419,,0,
McBain,4,420,,0,
McBain,4,421,,0,
McBain,4,422,,0,
McBain,4,423,,0,
McBain,4,424,,0,
McBain,4,425,,0,
McBain,4,426,,0,
McBain,4,427,,0,
McBain,4,428,,0,
McBain,4,429,,0,
McBain,5,501,,0,
McBain,5,502,,0,
McBain,5,503,,0,
McBain,5,504,,0,
McBain,5,505,,0,
McBain,5,506,,0,
McBain,5,507,,0,
McBain,5,508,,0,
McBain,5,509,,0,
McBain,5,510,,0,
McBain,5,511,,0,
McBain,5,512,,0,
McBain,5,513,,0,
McBain,5,514,,0,
McBain,5,515,,0,
McBain,5,516,,0,
McBain,5,517,,0,
McBain,5,518,,0,
McBain,5,519,,0,
McBain,5,520,,0,
McBain,5,521,,0,
McBain,5,522,,0,
McBain,5,523,,0,
McBain,5,524,,0,
McBain,5,525,,0,
McBain,5,526,,0,
McBain,5,527,,0,
McBain,5,528,,0,
McBain,5,529,,0,
McBain,6,601,,0,
McBain,6,602,,0,
McBain,6,603,,0,
McBain,6,604,,0,
McBain,6,605,,0,
McBain,6,606,,0,
McBain,6,607,,0,
McBain,6,608,,0,
McBain,6,609,,0,
McBain,6,610,,0,
McBain,6,611,,0,
McBain,6,612,,0,
McBain,6,613,,0,
McBain,6,614,,0,
McBain,6,615,,0,
McBain,6,616,,0,
McBain,6,617,,0,
McBain,6,618,,0,
McBain,6,619,,0,
McBain,6,620,,0,
McBain,6,621,,0,
McBain,6,622,,0,
McBain,6,623,,0,
McBain,6,624,,0,
McBain,6,625,,0,
McBain,6,626,,0,
McBain,6,627,,0,
McBain,6,628,,0,
McBain,6,629,,0,
McBain,6,630,,0,
McBain,7,701,,0,
McBain,7,702,,0,
McBain,7,703,,0,
McBain,7,704,,0,
McBain,7,705,,0,
McBain,7,706,,0,
McBain,7,707,,0,
McBain,7,708,,0,
McBain,7,709,,0,
McBain,7,710,,0,
McBain,7,711,,0,
McBain,7,712,,0,
McBain,7,713,,0,
McBain,7,714,,0,
McBain,7,715,,0,
McBain,7,716,,0,
McBain,7,717,,0,
McBain,7,718,,0,
McBain,7,719,,0,
McBain,7,720,,0,
McBain,7,721,,0,
McBain,7,722,,0,
McBain,7,723,,0,
McBain,7,724,,0,
McBain,7,725,,0,
McBain,7,726,,0,
McBain,7,727,,0,
McBain,7,728,,0,
McBain,7,729,,0,
McBain,7,730,,0,
McBain,7,731,,0,
McBain,8,801,,0,
McBain,8,802,,0,
McBain,8,803,,0,
McBain,8,804,,0,
McBain,8,805,,0,
McBain,8,806,,0,
McBain,8,807,,0,
McBain,8,808,,0,
McBain,8,809,,0,
McBain,8,810,,0,
McBain,8,811,,0,
McBain,8,812,,0,
McBain,8,813,,0,
McBain,8,814,,0,
McBain,8,815,,0,
McBain,8,816,,0,
McBain,8,817,,0,
McBain,8,818,,0,
McBain,8,819,,0,
McBain,8,820,,0,
McBain,8,821,,0,
McBain,8,822,,0,
McBain,8,823,,0,
McBain,8,824,,0,
McBain,8,825,,0,
McBain,8,826,,0,
McBain,8,827,,0,
McBain,8,828,,0,
McBain,8,829,,0,
McBain,8,830,,0,
McBain,8,831,,0,
Nussbaum,10,10A-1,,0,
Nussbaum,10,10A-2,,0,
Nussbaum,10,10A-3,,0,
Nussbaum,10,10A-4,,0,
Nussbaum,10,10A-5,,0,
Nussbaum,10,10A-6,,0,
Nussbaum,10,10A-7,,0,
Nussbaum,10,10A-8,,0,
Nussbaum,10,10B-1,,0,
Nussbaum,10,10B-2,,0,
Nussbaum,10,10B-3,,0,
Nussbaum,10,10B-4,,0,
Nussbaum,10,10C-1,,0,
Nussbaum,10,10C-2,,0,
Nussbaum,10,10C-3,,0,
Nussbaum,10,10C-4,,0,
Nussbaum,10,10C-5,,0,
Nussbaum,10,10C-6,,0,
Nussbaum,10,10D-1,,0,
Nussbaum,10,10D-2,,0,
Nussbaum,10,10D-3,,0,
Nussbaum,10,10D-4,,0,
Nussbaum,2,2B-1,,0,
Nussbaum,2,2B-2,,0,
Nussbaum,2,2B-3,,0,
Nussbaum,2,2B-4,,0,
Nussbaum,2,2C-1,,0,
Nussbaum,2,2C-2,,0,
Nussbaum,2,2C-3,,0,
Nussbaum,2,2C-4,,0,
Nussbaum,2,2C-5,,0,
Nussbaum,2,2C-6,,0,
Nussbaum,2,2D-1,,0,
Nussbaum,2,2D-2,,0,
Nussbaum,2,2D-3,,0,
Nussbaum,3,3A-1,,0,
Nussbaum,3,3A-2,,0,
Nussbaum,3,3A-3,,0,
Nussbaum,3,3A-4,,0,
Nussbaum,3,3A-5,,0,
Nussbaum,3,3A-6,,0,
Nussbaum,3,3A-7,,0,
Nussbaum,3,3A-8,,0,
Nussbaum,3,3B-1,,0,
Nussbaum,3,3B-2,,0,
Nussbaum,3,3B-3,,0,
Nussbaum,3,3B-4,,0,
Nussbaum,3,3C-1,,0,
Nussbaum,3,3C-2,,0,
Nussbaum,3,3C-3,,0,
Nussbaum,3,3C-4,,0,
Nussbaum,3,3C-5,,0,
Nussbaum,3,3C-6,,0,
Nussbaum,3,3D-1,,0,
Nussbaum,3,3D-2,,0,
Nussbaum,3,3D-3,,0,
Nussbaum,3,3D-4,,0,
Nussbaum,4,4A-1,,0,
Nussbaum,4,4A-2,,0,
Nussbaum,4,4A-3,,0,
Nussbaum,4,4A-4,,0,
Nussbaum,4,4A-5,,0,
Nussbaum,4,4A-6,,0,
Nussbaum,4,4A-7,,0,
Nussbaum,4,4A-8,,0,
Nussbaum,4,4B-1,,0,
Nussbaum,4,4B-2,,0,
Nussbaum,4,4B-3,,0,
Nussbaum,4,4B-4,,0,
Nussbaum,4,4C-1,,0,
Nussbaum,4,4C-2,,0,
Nussbaum,4,4C-3,,0,
Nussbaum,4,4C-4,,0,
Nussbaum,4,4C-5,,0,
Nussbaum,4,4C-6,,0,
Nussbaum,4,4D-1,,0,
Nussbaum,4,4D-2,,0,
Nussbaum,4,4D-3,,0,
Nussbaum,4,4D-4,,0,
Nussbaum,5,5A-1,,0,
Nussbaum,5,5A-2,,0,
Nussbaum,5,5A-3,,0,
Nussbaum,5,5A-4,,0,
Nussbaum,5,5A-5,,0,
Nussbaum,5,5A-6,,0,
Nussbaum,5,5A-7,,0,
Nussbaum,5,5A-8,,0,
Nussbaum,5,5B-1,,0,
Nussbaum,5,5B-2,,0,
Nussbaum,5,5B-3,,0,
Nussbaum,5,5B-4,,0,
Nussbaum,5,5C-1,,0,
Nussbaum,5,5C-2,,0,
Nussbaum,5,5C-3,,0,
Nussbaum,5,5C-4,,0,
Nussbaum,5,5C-5,,0,
Nussbaum,5,5C-6,,0,
Nussbaum,5,5D-1,,0,
Nussbaum,5,5D-2,,0,
Nussbaum,5,5D-3,,0,
Nussbaum,5,5D-4,,0,
Nussbaum,9,9A-1,,0,
Nussbaum,9,9A-2,,0,
Nussbaum,9,9A-3,,0,
Nussbaum,9,9A-4,,0,
Nussbaum,9,9A-5,,0,
Nussbaum,9,9A-6,,0,
Nussbaum,9,9A-7,,0,
Nussbaum,9,9A-8,,0,
Nussbaum,9,9B-1,,0,
Nussbaum,9,9B-2,,0,
Nussbaum,9,9B-3,,0,
Nussbaum,9,9B-4,,0,
Nussbaum,9,9C-1,,0,
Nussbaum,9,9C-2,,0,
Nussbaum,9,9C-3,,0,
Nussbaum,9,9C-4,,0,
Nussbaum,9,9C-5,,0,
Nussbaum,9,9C-6,,0,
Nussbaum,9,9D-1,,0,
Nussbaum,9,9D-2,,0,
Nussbaum,9,9D-3,,0,
Nussbaum,9,9D-4,,0,
River,1,113,,0,
River,1,114,,0,
River,1,115,,0,
River,1,116,,0,
River,1,117,,0,
River,1,118,,0,
River,1,119,,0,
River,1,120,,0,
River,1,121,,0,
River,1,122,,0,
River,2,201,,0,
River,2,202,,0,
River,2,203,,0,
River,2,204,,0,
River,2,205,,0,
River,2,206,,0,
River,2,207,,0,
River,2,208,,0,
River,2,209,,0,
River,2,210,,0,
River,2,211,,0,
River,2,212,,0,
River,2,213,,0,
River,2,214,,0,
River,2,215,,0,
River,2,216,,0,
River,2,217,,0,
River,2,218,,0,
River,2,219,,0,
River,2,220,,0,
River,2,221,,0,
River,2,222,,0,
River,3,301,,0,
River,3,302,,0,
River,3,303,,0,
River,3,304,,0,
River,3,305,,0,
River,3,306,,0,
River,3,307,,0,
River,3,308,,0,
River,3,309,,0,
River,3,310,,0,
River,3,311,,0,
River,3,312,,0,
River,3,313,,0,
River,3,314,,0,
River,3,315,,0,
River,3,316,,0,
River,3,317,,0,
River,3,318,,0,
River,3,319,,0,
River,3,320,,0,
River,3,321,,0,
River,3,322,,0,
River,4,401,,0,
River,4,402,,0,
River,4,403,,0,
River,4,404,,0,
River,4,405,,0,
River,4,406,,0,
River,4,407,,0,
River,4,408,,0,
River,4,409,,0,
River,4,410,,0,
River,4,411,,0,
River,4,412,,0,
River,4,413,,0,
River,4,414,,0,
River,4,415,,0,
River,4,416,,0,
River,4,417,,0,
River,4,418,,0,
River,4,419,,0,
River,4,420,,0,
River,4,421,,0,
River,4,422,,0,
River,5,501,,0,
River,5,502,,0,
River,5,503,,0,
River,5,504,,0,
River,5,505,,0,
River,5,506,,0,
River,5,507,,0,
River,5,508,,0,
River,5,509,,0,
River,5,510,,0,
River,5,511,,0,
River,5,512,,0,
River,5,513,,0,
River,5,514,,0,
River,5,515,,0,
River,5,516,,0,
River,5,517,,0,
River,5,518,,0,
River,5,519,,0,
River,5,520,,0,
River,5,521,,0,
River,5,522,,0,
River,6,601,,0,
River,6,602,,0,
River,6,603,,0,
River,6,604,,0,
River,6,605,,0,
River,6,606,,0,
River,6,607,,0,
River,6,608,,0,
River,6,609,,0,
River,6,610,,0,
River,6,611,,0,
River,6,612,,0,
River,6,613,,0,
River,6,614,,0,
River,6,615,,0,
River,6,616,,0,
River,6,617,,0,
River,6,618,,0,
River,6,619,,0,
River,6,620,,0,
River,6,621,,0,
River,6,622,,0,
Ruggles,1,101,,0,
Ruggles,1,102,,0,
Ruggles,1,103,,0,
Ruggles,1,105,,0,
Ruggles,1,106,,0,
Ruggles,1,109,,0,
Ruggles,1,111,,0,
Ruggles,1,112,,0,
Ruggles,1,114,,0,
Ruggles,1,115,,0,
Ruggles,1,116,,0,
Ruggles,1,117,,0,
Ruggles,1,120,,0,
Ruggles,1,121,,0,
Ruggles,1,122,,0,
Ruggles,1,123,,0,
Ruggles,2,201,,0,
Ruggles,2,202,,0,
Ruggles,2,205,,0,
Ruggles,2,206,,0,
Ruggles,2,207,,0,
Ruggles,2,208,,0,
Ruggles,2,209,,0,
Ruggles,2,210,,0,
Ruggles,2,211,,0,
Ruggles,2,212,,0,
Ruggles,2,215,,0,
Ruggles,2,216,,0,
Ruggles,2,217,,0,
Ruggles,2,219,,0,
Ruggles,2,220,,0,
Ruggles,2,221,,0,
Ruggles,2,222,,0,
Ruggles,2,223,,0,
Ruggles,3,301,,0,
Ruggles,3,302,,0,
Ruggles,3,305,,0,
Ruggles,3,306,,0,
Ruggles,3,307,,0,
Ruggles,3,308,,0,
Ruggles,3,309,,0,
Ruggles,3,310,,0,
Ruggles,3,311,,0,
Ruggles,3,312,,0,
Ruggles,3,315,,0,
Ruggles,3,316,,0,
Ruggles,3,317,,0,
Ruggles,3,319,,0,
Ruggles,3,320,,0,
Ruggles,3,321,,0,
Ruggles,3,322,,0,
Ruggles,3,323,,0,
Ruggles,4,401,,0,
Ruggles,4,402,,0,
Ruggles,4,405,,0,
Ruggles,4,406A,,0,
Ruggles,4,406B,,0,
Ruggles,4,407,,0,
Ruggles,4,408,,0,
Ruggles,4,409,,0,
Ruggles,4,410,,0,
Ruggles,4,411,,0,
Ruggles,4,412,,0,
Ruggles,4,415,,0,
Ruggles,4,416,,0,
Ruggles,4,417,,0,
Ruggles,4,419,,0,
Ruggles,4,420,,0,
Ruggles,4,421,,0,
Ruggles,4,422,,0,
Ruggles,4,423,,0,
Ruggles,5,501,,0,
Ruggles,5,502,,0,
Ruggles,5,505,,0,
Ruggles,5,506,,0,
Ruggles,5,507,,0,
Ruggles,5,508,,0,
Ruggles,5,509,,0,
Ruggles,5,510,,0,
Ruggles,5,511,,0,
Ruggles,5,512,,0,
Ruggles,5,515,,0,
Ruggles,5,516,,0,
Ruggles,5,517,,0,
Ruggles,5,519,,0,
Ruggles,5,520,,0,
Ruggles,5,521,,0,
Ruggles,5,522,,0,
Ruggles,5,523,,0,
Ruggles,6,601,,0,
Ruggles,6,602,,0,
Ruggles,6,605,,0,
Ruggles,6,606,,0,
Ruggles,6,607,,0,
Ruggles,6,608,,0,
Ruggles,6,609,,0,
Ruggles,6,610,,0,
Ruggles,6,611A,,0,
Ruggles,6,611B,,0,
Ruggles,6,612,,0,
Ruggles,6,615,,0,
Ruggles,6,616,,0,
Ruggles,6,617,,0,
Ruggles,6,619,,0,
Ruggles,6,620,,0,
Ruggles,6,621,,0,
Ruggles,6,622,,0,
Ruggles,6,623,,0,
Ruggles,7,701,,0,
Ruggles,7,702,,0,
Ruggles,7,705,,0,
Ruggles,7,706,,0,
Ruggles,7,707,,0,
Ruggles,7,708,,0,
Ruggles,7,709,,0,
Ruggles,7,710,,0,
Ruggles,7,711,,0,
Ruggles,7,712,,0,
Ruggles,7,715,,0,
Ruggles,7,716,,0,
Ruggles,7,717,,0,
Ruggles,7,719,,0,
Ruggles,7,720,,0,
Ruggles,7,721,,0,
Ruggles,7,722,,0,
Ruggles,7,723,,0,
Ruggles,8,801,,0,
Ruggles,8,802,,0,
Ruggles,8,805,,0,
Ruggles,8,806,,0,
Ruggles,8,807,,0,
Ruggles,8,808,,0,
Ruggles,8,809,,0,
Ruggles,8,810,,0,
Ruggles,8,811,,0,
Ruggles,8,812,,0,
Ruggles,8,815,,0,
Ruggles,8,816,,0,
Ruggles,8,817,,0,
Ruggles,8,819,,0,
Ruggles,8,820,,0,
Ruggles,8,821,,0,
Ruggles,8,822,,0,
Ruggles,8,823,,0,
Schapiro,10,1001,,0,
Schapiro,10,1002,,0,
Schapiro,10,1003,,0,
Schapiro,10,1004,,0,
Schapiro,10,1005,,0,
Schapiro,10,1007,,0,
Schapiro,10,1008,,0,
Schapiro,10,1009,,0,
Schapiro,10,1010,,0,
Schapiro,10,1011,,0,
Schapiro,10,1012,,0,
Schapiro,10,1013,,0,
Schapiro,10,1014,,0,
Schapiro,10,1015,,0,
Schapiro,10,1016,,0,
Schapiro,10,1017,,0,
Schapiro,10,1018,,0,
Schapiro,10,1020,,0,
Schapiro,10,1022,,0,
Schapiro,11,1101,,0,
Schapiro,11,1102,,0,
Schapiro,11,1103,,0,
Schapiro,11,1104,,0,
Schapiro,11,1105,,0,
Schapiro,11,1107,,0,
Schapiro,11,1108,,0,
Schapiro,11,1109,,0,
Schapiro,11,1110,,0,
Schapiro,11,1111,,0,
Schapiro,11,1112,,0,
Schapiro,11,1113,,0,
Schapiro,11,1114,,0,
Schapiro,11,1115,,0,
Schapiro,11,1116,,0,
Schapiro,11,1117,,0,
Schapiro,11,1118,,0,
Schapiro,11,1120,,0,
Schapiro,11,1122,,0,
Schapiro,12,1201,,0,
Schapiro,12,1202,,0,
Schapiro,12,1203,,0,
Schapiro,12,1204,,0,
Schapiro,12,1205,,0,
Schapiro,12,1207,,0,
Schapiro,12,1208,,0,
Schapiro,12,1209,,0,
Schapiro,12,1210,,0,
Schapiro,12,1211,,0,
Schapiro,12,1212,,0,
Schapiro,12,1213,,0,
Schapiro,12,1214,,0,
Schapiro,12,1215,,0,
Schapiro,12,1216,,0,
Schapiro,12,1217,,0,
Schapiro,12,1218,,0,
Schapiro,12,1220,,0,
Schapiro,12,1222,,0,
Schapiro,13,1301,,0,
Schapiro,13,1302,,0,
Schapiro,13,1303,,0,
Schapiro,13,1304,,0,
Schapiro,13,1305,,0,
Schapiro,13,1307,,0,
Schapiro,13,1308,,0,
Schapiro,13,1309,,0,
Schapiro,13,1310,,0,
Schapiro,13,1311,,0,
Schapiro,13,1312,,0,
Schapiro,13,1313,,0,
Schapiro,13,1314,,0,
Schapiro,13,1315,,0,
Schapiro,13,1316,,0,
Schapiro,13,1317,,0,
Schapiro,13,1318,,0,
Schapiro,13,1320,,0,
Schapiro,13,1322,,0,
Schapiro,14,1401,,0,
Schapiro,14,1402,,0,
Schapiro,14,1403,,0,
Schapiro,14,1404,,0,
Schapiro,14,1405,,0,
Schapiro,14,1407,,0,
Schapiro,14,1408,,0,
Schapiro,14,1409,,0,
Schapiro,14,1410,,0,
Schapiro,14,1411,,0,
Schapiro,14,1412,,0,
Schapiro,14,1413,,0,
Schapiro,14,1414,,0,
Schapiro,14,1415,,0,
Schapiro,14,1416,,0,
Schapiro,14,1417,,0,
Schapiro,14,1418,,0,
Schapiro,14,1420,,0,
Schapiro,14,1422,,0,
Schapiro,15,1501,,0,
Schapiro,15,1502,,0,
Schapiro,15,1503,,0,
Schapiro,15,1504,,0,
Schapiro,15,1505,,0,
Schapiro,15,1507,,0,
Schapiro,15,1508,,0,
Schapiro,15,1509,,0,
Schapiro,15,1510,,0,
Schapiro,15,1511,,0,
Schapiro,15,1512,,0,
Schapiro,15,1513,,0,
Schapiro,15,1514,,0,
Schapiro,15,1515,,0,
Schapiro,15,1516,,0,
Schapiro,15,1517,,0,
Schapiro,15,1518,,0,
Schapiro,15,1520,,0,
Schapiro,15,1522,,0,
Schapiro,16,1601,,0,
Schapiro,16,1602,,0,
Schapiro,16,1603,,0,
Schapiro,16,1604,,0,
Schapiro,16,1605,,0,
Schapiro,16,1607,,0,
Schapiro,16,1608,,0,
Schapiro,16,1609,,0,
Schapiro,16,1610,,0,
Schapiro,16,1611,,0,
Schapiro,16,1612,,0,
Schapiro,16,1613,,0,
Schapiro,16,1614,,0,
Schapiro,16,1615,,0,
Schapiro,16,1616,,0,
Schapiro,16,1617,,0,
Schapiro,16,1618,,0,
Schapiro,16,1620,,0,
Schapiro,16,1622,,0,
Schapiro,2,201,,0,
Schapiro,2,202,,0,
Schapiro,2,203,,0,
Schapiro,2,204,,0,
Schapiro,2,205,,0,
Schapiro,2,206,,0,
Schapiro,2,207,,0,
Schapiro,2,208,,0,
Schapiro,2,209,,0,
Schapiro,2,210,,0,
Schapiro,2,211,,0,
Schapiro,2,212,,0,
Schapiro,2,213,,0,
Schapiro,2,215,,0,
Schapiro,2,217,,0,
Schapiro,2,219,,0,
Schapiro,2,221,,0,
Schapiro,2,223,,0,
Schapiro,2,224,,0,
Schapiro,2,226,,0,
Schapiro,2,228,,0,
Schapiro,2,230,,0,
Schapiro,3,301,,0,
Schapiro,3,302,,0,
Schapiro,3,303,,0,
Schapiro,3,304,,0,
Schapiro,3,305,,0,
Schapiro,3,306,,0,
Schapiro,3,307,,0,
Schapiro,3,308,,0,
Schapiro,3,309,,0,
Schapiro,3,310,,0,
Schapiro,3,311,,0,
Schapiro,3,312,,0,
Schapiro,3,313,,0,
Schapiro,3,314,,0,
Schapiro,3,315,,0,
Schapiro,3,316,,0,
Schapiro,3,317,,0,
Schapiro,3,318,,0,
Schapiro,3,319,,0,
Schapiro,3,321,,0,
Schapiro,3,323,,0,
Schapiro,3,324,,0,
Schapiro,3,326,,0,
Schapiro,3,328,,0,
Schapiro,3,330,,0,
Schapiro,4,401,,0,
Schapiro,4,402,,0,
Schapiro,4,403,,0,
Schapiro,4,404,,0,
Schapiro,4,405,,0,
Schapiro,4,406,,0,
Schapiro,4,407,,0,
Schapiro,4,408,,0,
Schapiro,4,409,,0,
Schapiro,4,410,,0,
Schapiro,4,411,,0,
Schapiro,4,412,,0,
Schapiro,4,413,,0,
Schapiro,4,414,,0,
Schapiro,4,415,,0,
Schapiro,4,416,,0,
Schapiro,4,417,,0,
Schapiro,4,418,,0,
Schapiro,4,419,,0,
Schapiro,4,421,,0,
Schapiro,4,423,,0,
Schapiro,4,424,,0,
Schapiro,4,426,,0,
Schapiro,4,428,,0,
Schapiro,4,430,,0,
Schapiro,5,501,,0,
Schapiro,5,502,,0,
Schapiro,5,503,,0,
Schapiro,5,504,,0,
Schapiro,5,505,,0,
Schapiro,5,506,,0,
Schapiro,5,507,,0,
Schapiro,5,508,,0,
Schapiro,5,509,,0,
Schapiro,5,510,,0,
Schapiro,5,511,,0,
Schapiro,5,512,,0,
Schapiro,5,513,,0,
Schapiro,5,514,,0,
Schapiro,5,515,,0,
Schapiro,5,516,,0,
Schapiro,5,517,,0,
Schapiro,5,518,,0,
Schapiro,5,519,,0,
Schapiro,5,521,,0,
Schapiro,5,523,,0,
Schapiro,5,524,,0,
Schapiro,5,526,,0,
Schapiro,5,528,,0,
Schapiro,5,530,,0,
Schapiro,6,601,,0,
Schapiro,6,602,,0,
Schapiro,6,603,,0,
Schapiro,6,604,,0,
Schapiro,6,605,,0,
Schapiro,6,606,,0,
Schapiro,6,607,,0,
Schapiro,6,608,,0,
Schapiro,6,609,,0,
Schapiro,6,610,,0,
Schapiro,6,611,,0,
Schapiro,6,612,,0,
Schapiro,6,613,,0,
Schapiro,6,614,,0,
Schapiro,6,615,,0,
Schapiro,6,616,,0,
Schapiro,6,617,,0,
Schapiro,6,618,,0,
Schapiro,6,619,,0,
Schapiro,6,621,,0,
Schapiro,6,623,,0,
Schapiro,6,624,,0,
Schapiro,6,626,,0,
Schapiro,6,628,,0,
Schapiro,6,630,,0,
Schapiro,7,701,,0,
Schapiro,7,702,,0,
Schapiro,7,703,,0,
Schapiro,7,704,,0,
Schapiro,7,705,,0,
Schapiro,7,706,,0,
Schapiro,7,707,,0,
Schapiro,7,708,,0,
Schapiro,7,709,,0,
Schapiro,7,710,,0,
Schapiro,7,711,,0,
Schapiro,7,712,,0,
Schapiro,7,713,,0,
Schapiro,7,714,,0,
Schapiro,7,715,,0,
Schapiro,7,716,,0,
Schapiro,7,717,,0,
Schapiro,7,718,,0,
Schapiro,7,719,,0,
Schapiro,7,721,,0,
Schapiro,7,723,,0,
Schapiro,7,724,,0,
Schapiro,7,726,,0,
Schapiro,7,728,,0,
Schapiro,7,730,,0,
Schapiro,8,801,,0,
Schapiro,8,802,,0,
Schapiro,8,803,,0,
Schapiro,8,804,,0,
Schapiro,8,805,,0,
Schapiro,8,806,,0,
Schapiro,8,807,,0,
Schapiro,8,808,,0,
Schapiro,8,809,,0,
Schapiro,8,810,,0,
Schapiro,8,811,,0,
Schapiro,8,812,,0,
Schapiro,8,813,,0,
Schapiro,8,814,,0,
Schapiro,8,815,,0,
Schapiro,8,816,,0,
Schapiro,8,817,,0,
Schapiro,8,818,,0,
Schapiro,8,819,,0,
Schapiro,8,821,,0,
Schapiro,8,823,,0,
Schapiro,8,824,,0,
Schapiro,8,826,,0,
Schapiro,8,828,,0,
Schapiro,8,830,,0,
Schapiro,9,901,,0,
Schapiro,9,902,,0,
Schapiro,9,903,,0,
Schapiro,9,904,,0,
Schapiro,9,905,,0,
Schapiro,9,906,,0,
Schapiro,9,907,,0,
Schapiro,9,908,,0,
Schapiro,9,909,,0,
Schapiro,9,910,,0,
Schapiro,9,911,,0,
Schapiro,9,912,,0,
Schapiro,9,913,,0,
Schapiro,9,914,,0,
Schapiro,9,915,,0,
Schapiro,9,916,,0,
Schapiro,9,917,,0,
Schapiro,9,918,,0,
Schapiro,9,919,,0,
Schapiro,9,921,,0,
Schapiro,9,923,,0,
Schapiro,9,924,,0,
Schapiro,9,926,,0,
Schapiro,9,928,,0,
Schapiro,9,930,,0,
SIC,1,104,,0,
SIC,1,107,,0,
SIC,1,108,,0,
SIC,1,111,,0,
SIC,2,201,,0,
SIC,2,202,,0,
SIC,2,206,,0,
SIC,2,207,,0,
SIC,2,208,,0,
SIC,2,209,,0,
SIC,2,210,,0,
SIC,2,211,,0,
SIC,2,214,,0,
SIC,2,215,,0,
SIC,2,216,,0,
SIC,2,217,,0,
SIC,3,301,,0,
SIC,3,302,,0,
SIC,3,306,,0,
SIC,3,307,,0,
SIC,3,308,,0,
SIC,3,309,,0,
SIC,3,310,,0,
SIC,3,311,,0,
SIC,3,314,,0,
SIC,3,315,,0,
SIC,3,316,,0,
SIC,3,317,,0,
SIC,4,401,,0,
SIC,4,402,,0,
SIC,4,406,,0,
SIC,4,407,,0,
SIC,4,408,,0,
SIC,4,409,,0,
SIC,4,410,,0,
SIC,4,411,,0,
SIC,4,414,,0,
SIC,4,415,,0,
SIC,4,416,,0,
SIC,4,417,,0,
SIC,5,501,,0,
SIC,5,502,,0,
SIC,5,506,,0,
SIC,5,507,,0,
SIC,5,508,,0,
SIC,5,509,,0,
SIC,5,510,,0,
SIC,5,511,,0,
SIC,5,514,,0,
SIC,5,515,,0,
SIC,5,516,,0,
SIC,5,517,,0,
Wallach,10,1007,,0,
Wallach,10,1008,,0,
Wallach,10,1009,,0,
Wallach,10,1025,,0,
Wallach,10,1026,,0,
Wallach,10,1027,,0,
Wallach,2,201,,0,
Wallach,2,202,,0,
Wallach,2,203,,0,
Wallach,2,204,,0,
Wallach,2,205,,0,
Wallach,2,206,,0,
Wallach,2,207,,0,
Wallach,2,208,,0,
Wallach,2,209,,0,
Wallach,2,210,,0,
Wallach,2,222,,0,
Wallach,2,223,,0,
Wallach,2,224,,0,
Wallach,2,225,,0,
Wallach,2,226,,0,
Wallach,2,227,,0,
Wallach,2,228,,0,
Wallach,2,229,,0,
Wallach,2,230,,0,
Wallach,2,231,,0,
Wallach,3,301,,0,
Wallach,3,302,,0,
Wallach,3,303,,0,
Wallach,3,304,,0,
Wallach,3,305,,0,
Wallach,3,306,,0,
Wallach,3,307,,0,
Wallach,3,308,,0,
Wallach,3,309,,0,
Wallach,3,310,,0,
Wallach,3,314,,0,
Wallach,3,315,,0,
Wallach,3,316,,0,
Wallach,3,317,,0,
Wallach,3,318,,0,
Wallach,3,322,,0,
Wallach,3,323,,0,
Wallach,3,324,,0,
Wallach,3,325,,0,
Wallach,3,326,,0,
Wallach,3,327,,0,
Wallach,3,328,,0,
Wallach,3,329,,0,
Wallach,3,330,,0,
Wallach,3,331,,0,
Wallach,4,401,,0,
Wallach,4,402,,0,
Wallach,4,403,,0,
Wallach,4,404,,0,
Wallach,4,405,,0,
Wallach,4,406,,0,
Wallach,4,407,,0,
Wallach,4,408,,0,
Wallach,4,409,,0,
Wallach,4,410,,0,
Wallach,4,414,,0,
Wallach,4,415,,0,
Wallach,4,416,,0,
Wallach,4,417,,0,
Wallach,4,418,,0,
Wallach,4,422,,0,
Wallach,4,423,,0,
Wallach,4,424,,0,
Wallach,4,425,,0,
Wallach,4,426,,0,
Wallach,4,427,,0,
Wallach,4,428,,0,
Wallach,4,429,,0,
Wallach,4,430,,0,
Wallach,4,431,,0,
Wallach,5,501,,0,
Wallach,5,502,,0,
Wallach,5,503,,0,
Wallach,5,504,,0,
Wallach,5,505,,0,
Wallach,5,506,,0,
Wallach,5,507,,0,
Wallach,5,508,,0,
Wallach,5,509,,0,
Wallach,5,510,,0,
Wallach,5,514,,0,
Wallach,5,515,,0,
Wallach,5,516,,0,
Wallach,5,517,,0,
Wallach,5,518,,0,
Wallach,5,522,,0,
Wallach,5,523,,0,
Wallach,5,524,,0,
Wallach,5,525,,0,
Wallach,5,526,,0,
Wallach,5,527,,0,
Wallach,5,528,,0,
Wallach,5,529,,0,
Wallach,5,530,,0,
Wallach,5,531,,0,
Wallach,6,601,,0,
Wallach,6,602,,0,
Wallach,6,603,,0,
Wallach,6,604,,0,
Wallach,6,605,,0,
Wallach,6,606,,0,
Wallach,6,607,,0,
Wallach,6,608,,0,
Wallach,6,609,,0,
Wallach,6,610,,0,
Wallach,6,614,,0,
Wallach,6,615,,0,
Wallach,6,616,,0,
Wallach,6,617,,0,
Wallach,6,618,,0,
Wallach,6,622,,0,
Wallach,6,623,,0,
Wallach,6,624,,0,
Wallach,6,625,,0,
Wallach,6,626,,0,
Wallach,6,627,,0,
Wallach,6,628,,0,
Wallach,6,629,,0,
Wallach,6,630,,0,
Wallach,6,631,,0,
Wallach,7,701,,0,
Wallach,7,702,,0,
Wallach,7,703,,0,
Wallach,7,704,,0,
Wallach,7,705,,0,
Wallach,7,706,,0,
Wallach,7,707,,0,
Wallach,7,708,,0,
Wallach,7,709,,0,
Wallach,7,710,,0,
Wallach,7,714,,0,
Wallach,7,715,,0,
Wallach,7,716,,0,
Wallach,7,717,,0,
Wallach,7,718,,0,
Wallach,7,722,,0,
Wallach,7,723,,0,
Wallach,7,724,,0,
Wallach,7,725,,0,
Wallach,7,726,,0,
Wallach,7,727,,0,
Wallach,7,728,,0,
Wallach,7,729,,0,
Wallach,7,730,,0,
Wallach,7,731,,0,
Wallach,8,801,,0,
Wallach,8,802,,0,
Wallach,8,803,,0,
Wallach,8,804,,0,
Wallach,8,805,,0,
Wallach,8,806,,0,
Wallach,8,807,,0,
Wallach,8,808,,0,
Wallach,8,809,,0,
Wallach,8,810,,0,
Wallach,8,814,,0,
Wallach,8,815,,0,
Wallach,8,816,,0,
Wallach,8,817,,0,
Wallach,8,818,,0,
Wallach,8,822,,0,
Wallach,8,823,,0,
Wallach,8,824,,0,
Wallach,8,825,,0,
Wallach,8,826,,0,
Wallach,8,827,,0,
Wallach,8,828,,0,
Wallach,8,829,,0,
Wallach,8,830,,0,
Wallach,8,831,,0,
Wallach,9,901,,0,
Wallach,9,902,,0,
Wallach,9,903,,0,
Wallach,9,904,,0,
Wallach,9,905,,0,
Wallach,9,906,,0,
Wallach,9,907,,0,
Wallach,9,908,,0,
Wallach,9,909,,0,
Wallach,9,910,,0,
Wallach,9,922,,0,
Wallach,9,923,,0,
Wallach,9,924,,0,
Wallach,9,925,,0,
Wallach,9,926,,0,
Wallach,9,927,,0,
Wallach,9,928,,0,
Wallach,9,929,,0,
Wallach,9,930,,0,
Wallach,9,931,,0,
Watt,1,1A,,0,
Watt,1,1B,,0,
Watt,1,1C,,0,
Watt,1,1D,,0,
Watt,1,1E,,0,
Watt,1,1F,,0,
Watt,1,1G,,0,
Watt,1,1H,,0,
Watt,1,1I,,0,
Watt,1,1K,,0,
Watt,1,1L,,0,
Watt,1,1M,,0,
Watt,1,1O,,0,
Watt,2,2A,,0,
Watt,2,2B,,0,
Watt,2,2C,,0,
Watt,2,2D,,0,
Watt,2,2E,,0,
Watt,2,2F,,0,
Watt,2,2G,,0,
Watt,2,2H,,0,
Watt,2,2I,,0,
Watt,2,2J,,0,
Watt,2,2K,,0,
Watt,2,2L,,0,
Watt,2,2M,,0,
Watt,2,2N,,0,
Watt,2,2O,,0,
Watt,3,3A,,0,
Watt,3,3B,,0,
Watt,3,3C,,0,
Watt,3,3D,,0,
Watt,3,3E,,0,
Watt,3,3F,,0,
Watt,3,3G,,0,
Watt,3,3H,,0,
Watt,3,3I,,0,
Watt,3,3J,,0,
Watt,3,3K,,0,
Watt,3,3L,,0,
Watt,3,3M,,0,
Watt,3,3N,,0,
Watt,3,3O,,0,
Watt,4,4A,,0,
Watt,4,4B,,0,
Watt,4,4C,,0,
Watt,4,4D,,0,
Watt,4,4E,,0,
Watt,4,4F,,0,
Watt,4,4G,,0,
Watt,4,4H,,0,
Watt,4,4I,,0,
Watt,4,4J,,0,
Watt,4,4K,,0,
Watt,4,4L,,0,
Watt,4,4M,,0,
Watt,4,4N,,0,
Watt,4,4O,,0,
Watt,5,5A,,0,
Watt,5,5B,,0,
Watt,5,5C,,0,
Watt,5,5D,,0,
Watt,5,5E,,0,
Watt,5,5F,,0,
Watt,5,5G,,0,
Watt,5,5H,,0,
Watt,5,5I,,0,
Watt,5,5J,,0,
Watt,5,5K,,0,
Watt,5,5L,,0,
Watt,5,5M,,0,
Watt,5,5N,,0,
Watt,5,5O,,0,
Watt,6,6A,,0,
Watt,6,6B,,0,
Watt,6,6C,,0,
Watt,6,6D,,0,
Watt,6,6E,,0,
Watt,6,6F,,0,
Watt,6,6G,,0,
Watt,6,6H,,0,
Watt,6,6I,,0,
Watt,6,6J,,0,
Watt,6,6K,,0,
Watt,6,6L,,0,
Watt,6,6M,,0,
Watt,6,6N,,0,
Watt,6,6O,,0,
Wien,10,1001,,0,
Wien,10,1002,,0,
Wien,10,1003,,0,
Wien,10,1004,,0,
Wien,10,1005,,0,
Wien,10,1006,,0,
Wien,10,1007,,0,
Wien,10,1008,,0,
Wien,10,1009,,0,
Wien,10,1010,,0,
Wien,10,1011,,0,
Wien,10,1012,,0,
Wien,10,1013,,0,
Wien,10,1014,,0,
Wien,10,1015,,0,
Wien,10,1017,,0,
Wien,10,1019,,0,
Wien,10,1020,,0,
Wien,10,1021,,0,
Wien,10,1022,,0,
Wien,10,1023,,0,
Wien,10,1024,,0,
Wien,10,1025,,0,
Wien,10,1026,,0,
Wien,11,1101,,0,
Wien,11,1102,,0,
Wien,11,1103,,0,
Wien,11,1104,,0,
Wien,11,1105,,0,
Wien,11,1106,,0,
Wien,11,1107,,0,
Wien,11,1108,,0,
Wien,11,1109,,0,
Wien,11,1110,,0,
Wien,11,1111,,0,
Wien,11,1112,,0,
Wien,11,1113,,0,
Wien,11,1114,,0,
Wien,11,1115,,0,
Wien,11,1117,,0,
Wien,11,1119,,0,
Wien,11,1120,,0,
Wien,11,1121,,0,
Wien,11,1122,,0,
Wien,11,1123,,0,
Wien,11,1125,,0,
Wien,11,1127,,0,
Wien,12,1201,,0,
Wien,12,1202,,0,
Wien,12,1203,,0,
Wien,12,1204,,0,
Wien,12,1205,,0,
Wien,12,1206,,0,
Wien,12,1207,,0,
Wien,12,1208,,0,
Wien,12,1209,,0,
Wien,12,1210,,0,
Wien,12,1211,,0,
Wien,12,1212,,0,
Wien,12,1213,,0,
Wien,12,1214,,0,
Wien,12,1215,,0,
Wien,12,1217,,0,
Wien,12,1219,,0,
Wien,12,1221,,0,
Wien,12,1223,,0,
Wien,12,1225,,0,
Wien,12,1227,,0,
Wien,12,1228,,0,
Wien,2,201,,0,
Wien,2,202A,,0,
Wien,2,205,,0,
Wien,2,206,,0,
Wien,2,207,,0,
Wien,2,208,,0,
Wien,2,209,,0,
Wien,3,310,,0,
Wien,3,312,,0,
Wien,3,313,,0,
Wien,3,314,,0,
Wien,3,315,,0,
Wien,3,316,,0,
Wien,3,317,,0,
Wien,3,318,,0,
Wien,3,319,,0,
Wien,3,320,,0,
Wien,3,321,,0,
Wien,3,322,,0,
Wien,3,323,,0,
Wien,3,324,,0,
Wien,3,325,,0,
Wien,3,327,,0,
Wien,3,329,,0,
Wien,3,330,,0,
Wien,3,331,,0,
Wien,3,332,,0,
Wien,3,333,,0,
Wien,3,334,,0,
Wien,3,335,,0,
Wien,3,336,,0,
Wien,3,337,,0,
Wien,3,338,,0,
Wien,3,340,,0,
Wien,3,341,,0,
Wien,3,342,,0,
Wien,3,343,,0,
Wien,3,344,,0,
Wien,3,345,,0,
Wien,3,346,,0,
Wien,4,401,,0,
Wien,4,402,,0,
Wien,4,403,,0,
Wien,4,404,,0,
Wien,4,405,,0,
Wien,4,406,,0,
Wien,4,407,,0,
Wien,4,408,,0,
Wien,4,409,,0,
Wien,4,410,,0,
Wien,4,411,,0,
Wien,4,412,,0,
Wien,4,413,,0,
Wien,4,414,,0,
Wien,4,415,,0,
Wien,4,416,,0,
Wien,4,417,,0,
Wien,4,418,,0,
Wien,4,419,,0,
Wien,4,420,,0,
Wien,4,421,,0,
Wien,4,422,,0,
Wien,4,423,,0,
Wien,4,424,,0,
Wien,4,425,,0,
Wien,4,427,,0,
Wien,4,429,,0,
Wien,4,430,,0,
Wien,4,431,,0,
Wien,4,432,,0,
Wien,4,433,,0,
Wien,4,434,,0,
Wien,4,435,,0,
Wien,4,436,,0,
Wien,4,437,,0,
Wien,4,438,,0,
Wien,4,440,,0,
Wien,4,441,,0,
Wien,4,442,,0,
Wien,4,443,,0,
Wien,4,444,,0,
Wien,4,445,,0,
Wien,4,446,,0,
Wien,5,501,,0,
Wien,5,502,,0,
Wien,5,503,,0,
Wien,5,504,,0,
Wien,5,505,,0,
Wien,5,506,,0,
Wien,5,507,,0,
Wien,5,508,,0,
Wien,5,509,,0,
Wien,5,510,,0,
Wien,5,511,,0,
Wien,5,512,,0,
Wien,5,513,,0,
Wien,5,514,,0,
Wien,5,515,,0,
Wien,5,516,,0,
Wien,5,517,,0,
Wien,5,518,,0,
Wien,5,519,,0,
Wien,5,520,,0,
Wien,5,521,,0,
Wien,5,522,,0,
Wien,5,523,,0,
Wien,5,524,,0,
Wien,5,525,,0,
Wien,5,527,,0,
Wien,5,529,,0,
Wien,5,530,,0,
Wien,5,531,,0,
Wien,5,532,,0,
Wien,5,533,,0,
Wien,5,534,,0,
Wien,5,535,,0,
Wien,5,536,,0,
Wien,5,537,,0,
Wien,5,541,,0,
Wien,5,542,,0,
Wien,5,543,,0,
Wien,5,544,,0,
Wien,5,545,,0,
Wien,5,546,,0,
Wien,6,601,,0,
Wien,6,602,,0,
Wien,6,603,,0,
Wien,6,604,,0,
Wien,6,605,,0,
Wien,6,606,,0,
Wien,6,607,,0,
Wien,6,608,,0,
Wien,6,609,,0,
Wien,6,610,,0,
Wien,6,611,,0,
Wien,6,612,,0,
Wien,6,613,,0,
Wien,6,614,,0,
Wien,6,615,,0,
Wien,6,616,,0,
Wien,6,617,,0,
Wien,6,618,,0,
Wien,6,619,,0,
Wien,6,620,,0,
Wien,6,621,,0,
Wien,6,622,,0,
Wien,6,623,,0,
Wien,6,624,,0,
Wien,6,625,,0,
Wien,6,627,,0,
Wien,6,629,,0,
Wien,6,630,,0,
Wien,6,631,,0,
Wien,6,632,,0,
Wien,6,633,,0,
Wien,6,634,,0,
Wien,6,635,,0,
Wien,6,636,,0,
Wien,6,637,,0,
Wien,6,638,,0,
Wien,6,640,,0,
Wien,6,641,,0,
Wien,6,642,,0,
Wien,6,643,,0,
Wien,6,644,,0,
Wien,6,645,,0,
Wien,6,646,,0,
Wien,7,701,,0,
Wien,7,702,,0,
Wien,7,703,,0,
Wien,7,704,,0,
Wien,7,705,,0,
Wien,7,706,,0,
Wien,7,707,,0,
Wien,7,708,,0,
Wien,7,709,,0,
Wien,7,710,,0,
Wien,7,711,,0,
Wien,7,712,,0,
Wien,7,713,,0,
Wien,7,714,,0,
Wien,7,715,,0,
Wien,7,716,,0,
Wien,7,717,,0,
Wien,7,718,,0,
Wien,7,719,,0,
Wien,7,720,,0,
Wien,7,721,,0,
Wien,7,722,,0,
Wien,7,723,,0,
Wien,7,724,,0,
Wien,7,725,,0,
Wien,7,727,,0,
Wien,7,729,,0,
Wien,7,730,,0,
Wien,7,731,,0,
Wien,7,732,,0,
Wien,7,733,,0,
Wien,7,734,,0,
Wien,7,735,,0,
Wien,7,736,,0,
Wien,7,737,,0,
Wien,7,741,,0,
Wien,7,742,,0,
Wien,7,743,,0,
Wien,7,744,,0,
Wien,7,745,,0,
Wien,7,746,,0,
Wien,8,801,,0,
Wien,8,802,,0,
Wien,8,803,,0,
Wien,8,804,,0,
Wien,8,805,,0,
Wien,8,806,,0,
Wien,8,807,,0,
Wien,8,808,,0,
Wien,8,809,,0,
Wien,8,810,,0,
Wien,8,811,,0,
Wien,8,812,,0,
Wien,8,813,,0,
Wien,8,814,,0,
Wien,8,815,,0,
Wien,8,816,,0,
Wien,8,817,,0,
Wien,8,818,,0,
Wien,8,819,,0,
Wien,8,820,,0,
Wien,8,821,,0,
Wien,8,822,,0,
Wien,8,823,,0,
Wien,8,824,,0,
Wien,8,825,,0,
Wien,8,827,,0,
Wien,8,829,,0,
Wien,8,830,,0,
Wien,8,831,,0,
Wien,8,832,,0,
Wien,8,833,,0,
Wien,8,834,,0,
Wien,8,835,,0,
Wien,8,836,,0,
Wien,8,837,,0,
Wien,8,838,,0,
Wien,8,840,,0,
Wien,8,841,,0,
Wien,8,842,,0,
Wien,8,843,,0,
Wien,8,844,,0,
Wien,8,845,,0,
Wien,8,846,,0,
Wien,9,901,,0,
Wien,9,902,,0,
Wien,9,903,,0,
Wien,9,904,,0,
Wien,9,905,,0,
Wien,9,906,,0,
Wien,9,907,,0,
Wien,9,908,,0,
Wien,9,909,,0,
Wien,9,910,,0,
Wien,9,911,,0,
Wien,9,912,,0,
Wien,9,913,,0,
Wien,9,914,,0,
Wien,9,915,,0,
Wien,9,916,,112,
Wien,9,917,,0,
Wien,9,918,,0,
Wien,9,919,,0,
Wien,9,920,,0,
Wien,9,921,,0,
Wien,9,922,,0,
Wien,9,923,,0,
Wien,9,924,,0,
Wien,9,925,,0,
Wien,9,927,,0,
Wien,9,929,,0,
Wien,9,930,,0,
Wien,9,931,,0,
Wien,9,932,,0,
Wien,9,933,,0,
Wien,9,934,,0,
Wien,9,935,,0,
Wien,9,936,,0,
Wien,9,937,,0,
Wien,9,941,,0,
Wien,9,942,,0,
Wien,9,943,,0,
Wien,9,944,,0,
Wien,9,945,,0,
Wien,9,946,,0,
Woodbridge,1,1A,,0,
Woodbridge,1,1B,,0,
Woodbridge,1,1C,,0,
Woodbridge,1,1D,,0,
Woodbridge,1,1E,,0,
Woodbridge,1,1H,,0,
Woodbridge,1,1I,,0,
Woodbridge,1,1J,,0,
Woodbridge,1,1K,,0,
Woodbridge,1,1L,,0,
Woodbridge,2,2A,,0,
Woodbridge,2,2B,,0,
Woodbridge,2,2C,,0,
Woodbridge,2,2D,,0,
Woodbridge,2,2E,,0,
Woodbridge,2,2F,,0,
Woodbridge,2,2G,,0,
Woodbridge,2,2H,,0,
Woodbridge,2,2I,,0,
Woodbridge,2,2J,,0,
Woodbridge,2,2K,,0,
Woodbridge,2,2L,,0,
Woodbridge,3,3A,,0,
Woodbridge,3,3B,,0,
Woodbridge,3,3C,,0,
Woodbridge,3,3D,,0,
Woodbridge,3,3E,,0,
Woodbridge,3,3F,,0,
Woodbridge,3,3G,,0,
Woodbridge,3,3H,,0,
Woodbridge,3,3I,,0,
Woodbridge,3,3J,,0,
Woodbridge,3,3K,,0,
Woodbridge,3,3L,,0,
Woodbridge,4,4A,,0,
Woodbridge,4,4B,,0,
Woodbridge,4,4C,,0,
Woodbridge,4,4D,,0,
Woodbridge,4,4E,,0,
Woodbridge,4,4F,,0,
Woodbridge,4,4G,,0,
Woodbridge,4,4H,,0,
Woodbridge,4,4I,,0,
Woodbridge,4,4J,,0,
Woodbridge,4,4K,,0,
Woodbridge,4,4L,,0,
Woodbridge,5,5A,,0,
Woodbridge,5,5B,,0,
Woodbridge,5,5C,,0,
Woodbridge,5,5D,,0,
Woodbridge,5,5E,,0,
Woodbridge,5,5F,,0,
Woodbridge,5,5G,,0,
Woodbridge,5,5H,,0,
Woodbridge,5,5I,,0,
Woodbridge,5,5J,,0,
Woodbridge,5,5K,,0,
Woodbridge,5,5L,,0,
Woodbridge,6,6A,,0,
Woodbridge,6,6B,,0,
Woodbridge,6,6C,,0,
Woodbridge,6,6D,,0,
Woodbridge,6,6E,,0,
Woodbridge,6,6F,,0,
Woodbridge,6,6G,,0,
Woodbridge,6,6H,,0,
Woodbridge,6,6I,,0,
Woodbridge,6,6J,,0,
Woodbridge,6,6K,,0,
Woodbridge,6,6L,,0,
Woodbridge,7,7A,,0,
Woodbridge,7,7B,,0,
Woodbridge,7,7C,,0,
Woodbridge,7,7D,,0,
Woodbridge,7,7E,,0,
Woodbridge,7,7F,,0,
Woodbridge,7,7G,,0,
Woodbridge,7,7H,,0,
Woodbridge,7,7I,,0,
Woodbridge,7,7J,,0,
Woodbridge,7,7K,,0,
Woodbridge,7,7L,,0,
